mode,workload,seed,shuffle_seed,trial,run_index,arena_bytes,page_bytes,operations,checkpoint_at,poll_batch_ops,first_write_pending_pages,arena_init_ns,workload_init_ns,observer_setup_ns,checkpoint_call_ns,boundary_offset_ns,capture_complete_ns,t_to_ready_ns,worker_elapsed_ns,worker_cpu_ns,wait_ns,application_ns,operations_per_second,op_p50_ns,op_p95_ns,op_p99_ns,op_max_ns,first_write_p50_ns,first_write_p95_ns,first_write_p99_ns,first_write_max_ns,fault_pages,scan_pages,copied_bytes,restore_ns,restore_validation_ns,validation_ns,discard_ns,arena_drop_ns,trial_total_ns,process_cpu_ns,voluntary_switches,involuntary_switches,application_process_cpu_ns,application_voluntary_switches,application_involuntary_switches,peak_rss_kib,trial_peak_rss_kib,state_hash,image_hash,clock_pair_p50_ns,child_wall_ns
wp,clustered,1,20261004,3,0,16777216,4096,12288,4096,64,41,18178514,5089000,1157468,641375,627458,12867206,12239748,12203068,12607246,11206008,2047372,6001840.408093888,30,50,832,19537,60,12154,19537,19537,11,4085,16777216,1492184,5323100,24125656,190,3566448,72259972,72530000,15,10,2565000,14,2,35420,51676,57042907197a9c9b,ff93115790272f1c,30,82014345
stopped,clustered,1,20261004,4,1,16777216,4096,12288,4096,64,0,18123819,5045315,675009,1583539,341,1583419,1583078,NA,NA,230,2546473,4825497.855268836,30,50,51,4609,NA,NA,NA,NA,0,4096,16777216,1612936,5200514,24404573,171,4495717,62154303,61583000,0,9,2533000,0,0,35416,51800,57042907197a9c9b,ff93115790272f1c,30,70721419
wp,clustered,1,20261004,6,2,16777216,4096,12288,4096,64,41,17637332,5136841,733833,668417,653769,13444218,12790449,12751013,13031860,11698276,3141399,3911633.001729484,30,50,821,247717,60,14338,19909,19909,10,4086,16777216,1863668,5695808,23581117,161,4305570,73860504,73896000,13,16,3483000,12,0,35712,51968,57042907197a9c9b,ff93115790272f1c,30,80740321
wp,clustered,1,20261004,2,3,16777216,4096,12288,4096,64,41,18387086,5423022,685540,1640279,1624779,13635306,12010527,11971963,12369495,11031262,2942607,4175888.9311416717,30,50,251,17634,50,12775,17634,17634,10,4086,16777216,1611403,4964409,25327439,341,3456516,73881815,74039000,14,12,3655000,13,3,35420,51804,57042907197a9c9b,ff93115790272f1c,30,80777453
wp,clustered,1,20261004,9,4,16777216,4096,12288,4096,64,41,18417755,5144256,785763,713424,699707,14081886,13382179,13328325,13788354,12053530,2381605,5159545.768504852,40,60,401,17093,51,15290,17093,17093,12,4084,16777216,1976446,5206836,24721202,250,4618273,75361424,75831000,16,14,3112000,15,0,35516,51644,57042907197a9c9b,ff93115790272f1c,30,80998969
wp,clustered,1,20261004,5,5,16777216,4096,12288,4096,64,41,17476442,6586623,686382,639732,631125,13408870,12777745,12736255,13133199,11796335,1935427,6348986.554388257,30,50,812,13636,60,12975,13636,13636,11,4085,16777216,1707558,5697150,23427401,301,3919828,73285326,73604000,15,7,2523000,14,0,35864,52248,57042907197a9c9b,ff93115790272f1c,30,80739790
wp,clustered,1,20261004,7,6,16777216,4096,12288,4096,64,41,19260597,5019706,681442,704456,694367,13859558,13165191,13125113,13505334,12174603,2013166,6103818.562403697,30,50,391,15890,50,11612,15890,15890,12,4084,16777216,1760209,5707470,23442942,360,3647935,73759018,73763000,16,16,2419000,15,1,35548,51932,57042907197a9c9b,ff93115790272f1c,30,80749188
none,clustered,1,20261004,6,7,16777216,4096,12288,4096,64,NA,17896781,5582360,684888,NA,NA,NA,NA,NA,NA,NA,960079,12798946.75334009,30,50,70,381,NA,NA,NA,NA,NA,NA,NA,NA,NA,20105455,NA,3524647,48804416,48275000,0,7,958000,0,0,35352,51736,57042907197a9c9b,NA,30,50542964
stopped,clustered,1,20261004,6,8,16777216,4096,12288,4096,64,0,19494789,5047850,676503,1776722,521,1776562,1776041,NA,NA,220,2770134,4435886.495021541,30,50,60,431,NA,NA,NA,NA,0,4096,16777216,1490300,5792163,24865190,240,3644718,63834378,63302000,0,6,2727000,0,3,35424,51808,57042907197a9c9b,ff93115790272f1c,30,70683827
wp,clustered,1,20261004,8,9,16777216,4096,12288,4096,64,41,18410851,5005599,672054,685520,676042,13990941,13314899,13272848,13639389,12332558,2012485,6105884.0190113215,30,50,802,15661,50,13196,15661,15661,11,4085,16777216,2098651,6425393,24320331,401,3635611,74978697,74942000,14,18,2035000,13,0,35172,51556,57042907197a9c9b,ff93115790272f1c,30,81815702
none,clustered,1,20261004,5,10,16777216,4096,12288,4096,64,NA,17793653,5020778,686822,NA,NA,NA,NA,NA,NA,NA,977252,12574034.128351744,30,50,80,391,NA,NA,NA,NA,NA,NA,NA,NA,NA,20353252,NA,3723460,48616255,47805000,0,6,973000,0,0,35144,51528,57042907197a9c9b,NA,30,50590927
wp,clustered,1,20261004,4,11,16777216,4096,12288,4096,64,41,20202611,4954159,687974,690440,679498,14967090,14287592,14243477,14416371,13036834,2259531,5438296.708476228,31,60,832,21853,50,15420,21853,21853,10,4086,16777216,1812890,6120225,24212773,291,3517573,76860942,76697000,14,25,2893000,13,4,34924,51308,57042907197a9c9b,ff93115790272f1c,30,81748543
stopped,clustered,1,20261004,3,12,16777216,4096,12288,4096,64,0,18190067,6014070,675390,1675737,511,1675536,1675025,NA,NA,220,2705289,4542213.419712274,30,50,90,5471,NA,NA,NA,NA,0,4096,16777216,1842648,4947447,25710307,210,3632846,63771487,63118000,0,14,2688000,0,0,35420,51548,57042907197a9c9b,ff93115790272f1c,30,70857442
none,clustered,1,20261004,0,13,16777216,4096,12288,4096,64,NA,18609554,4948328,687263,NA,NA,NA,NA,NA,NA,NA,941813,13047176.03176002,30,50,51,401,NA,NA,NA,NA,NA,NA,NA,NA,NA,20326741,NA,3637785,49197013,48543000,0,16,944000,0,0,35164,51548,57042907197a9c9b,NA,30,50579524
stopped,clustered,1,20261004,5,14,16777216,4096,12288,4096,64,0,20069485,6040702,1050724,1643265,391,1643074,1642683,NA,NA,221,2890176,4251644.190526806,40,50,80,7284,NA,NA,NA,NA,0,4096,16777216,1685165,5145518,24536597,170,4888924,66413013,65228000,0,21,2896000,0,0,35356,51484,57042907197a9c9b,ff93115790272f1c,30,70738132
stopped,clustered,1,20261004,8,15,16777216,4096,12288,4096,64,0,18178865,5293353,784952,2994887,441,2994687,2994246,NA,NA,210,4073804,3016345.41082487,30,50,100,6122,NA,NA,NA,NA,0,4096,16777216,1794174,5460956,24032616,280,4568147,64242884,63528000,0,10,4036000,0,1,35144,51528,57042907197a9c9b,ff93115790272f1c,30,70669770
stopped,clustered,1,20261004,9,16,16777216,4096,12288,4096,64,0,18219112,6143670,691973,1583529,391,1583259,1582868,NA,NA,241,2615306,4698494.172383652,30,50,70,391,NA,NA,NA,NA,0,4096,16777216,1738678,6619787,24188988,642,3525989,63793299,62537000,0,13,2557000,0,2,35328,51840,57042907197a9c9b,ff93115790272f1c,30,70678827
none,clustered,1,20261004,1,17,16777216,4096,12288,4096,64,NA,19592207,5193861,702152,NA,NA,NA,NA,NA,NA,NA,944739,13006766.948331762,30,40,50,391,NA,NA,NA,NA,NA,NA,NA,NA,NA,20490826,NA,4314788,51297898,50723000,0,7,940000,0,0,35028,51412,57042907197a9c9b,NA,30,60646710
none,clustered,1,20261004,8,18,16777216,4096,12288,4096,64,NA,18145511,6579840,685961,NA,NA,NA,NA,NA,NA,NA,1001439,12270342.976456879,30,50,60,7454,NA,NA,NA,NA,NA,NA,NA,NA,NA,20186841,NA,3589081,50240291,49596000,0,13,997000,0,0,35212,51596,57042907197a9c9b,NA,30,60637452
none,clustered,1,20261004,2,19,16777216,4096,12288,4096,64,NA,18237999,5129417,695870,NA,NA,NA,NA,NA,NA,NA,967092,12706133.439217778,30,50,80,6783,NA,NA,NA,NA,NA,NA,NA,NA,NA,21169122,NA,3742457,49989879,49430000,0,10,964000,0,0,35332,51716,57042907197a9c9b,NA,30,60614066
stopped,clustered,1,20261004,2,20,16777216,4096,12288,4096,64,0,19128964,4947597,692623,1710484,471,1710293,1709822,NA,NA,241,2692504,4563781.520844537,30,50,90,401,NA,NA,NA,NA,0,4096,16777216,1724701,4977975,24593897,251,3624860,62437007,61420000,0,13,2676000,0,0,35360,51744,57042907197a9c9b,ff93115790272f1c,30,70651395
stopped,clustered,1,20261004,7,21,16777216,4096,12288,4096,64,0,17668232,5203650,694988,1569602,451,1569492,1569041,NA,NA,190,2544069,4830057.675322485,30,50,60,6502,NA,NA,NA,NA,0,4096,16777216,1603547,5094049,24892592,491,3450344,61200476,60676000,0,5,2534000,0,0,35528,51784,57042907197a9c9b,ff93115790272f1c,30,70765234
stopped,clustered,1,20261004,1,22,16777216,4096,12288,4096,64,0,19750151,5056677,723814,2685942,370,2685761,2685391,NA,NA,271,3811981,3223520.788797216,30,50,70,16862,NA,NA,NA,NA,0,4096,16777216,1600812,5432601,24185992,240,4251987,64865062,64018000,0,15,3777000,0,1,35144,51400,57042907197a9c9b,ff93115790272f1c,30,70670221
none,clustered,1,20261004,7,23,16777216,4096,12288,4096,64,NA,17613877,6472082,746728,NA,NA,NA,NA,NA,NA,NA,987942,12437977.12821198,30,40,50,401,NA,NA,NA,NA,NA,NA,NA,NA,NA,20516266,NA,3192126,49575180,49211000,0,5,977000,0,1,35216,51600,57042907197a9c9b,NA,30,60605140
none,clustered,1,20261004,4,24,16777216,4096,12288,4096,64,NA,18238711,5217677,680891,NA,NA,NA,NA,NA,NA,NA,940040,13071784.179396622,30,40,50,4980,NA,NA,NA,NA,NA,NA,NA,NA,NA,21005318,NA,3434153,49559370,48515000,0,7,937000,0,0,35284,51668,57042907197a9c9b,NA,30,61603101
none,clustered,1,20261004,9,25,16777216,4096,12288,4096,64,NA,18315878,4899554,691652,NA,NA,NA,NA,NA,NA,NA,937124,13112458.970210986,30,41,51,5059,NA,NA,NA,NA,NA,NA,NA,NA,NA,19986535,NA,4175479,49050821,48500000,0,10,935000,0,0,35156,51412,57042907197a9c9b,NA,30,50772466
wp,clustered,1,20261004,1,26,16777216,4096,12288,4096,64,41,17236129,5623068,696682,703184,689428,13915826,13226398,13184297,13440403,12205533,2087249,5887174.936962481,30,60,371,19288,50,15099,19288,19288,9,4087,16777216,2846342,5242384,24804723,220,3743398,74542477,74500000,13,13,2488000,12,1,35716,52100,57042907197a9c9b,ff93115790272f1c,30,80754849
stopped,clustered,1,20261004,0,27,16777216,4096,12288,4096,64,0,19809144,4984208,684428,1513264,361,1513154,1512793,NA,NA,240,2477891,4959055.906817532,30,50,70,421,NA,NA,NA,NA,0,4096,16777216,1757134,5694315,24970733,280,3851457,64290205,63772000,0,8,2468000,0,0,35420,51676,57042907197a9c9b,ff93115790272f1c,30,71047086
none,clustered,1,20261004,3,28,16777216,4096,12288,4096,64,NA,17508624,5502456,688165,NA,NA,NA,NA,NA,NA,NA,1006609,12207321.810156673,30,50,60,31040,NA,NA,NA,NA,NA,NA,NA,NA,NA,21459562,NA,3715283,49927438,49418000,0,9,955000,0,2,35352,51736,57042907197a9c9b,NA,30,60837277
wp,clustered,1,20261004,0,29,16777216,4096,12288,4096,64,41,19022188,5554797,675160,673988,665512,13807548,13142036,13101768,13485855,12002702,2135582,5753934.99289655,30,50,381,39517,50,13335,19588,19588,11,4085,16777216,1566847,5107214,23605965,180,3966127,73691779,73785000,14,16,2090000,13,2,35288,51672,57042907197a9c9b,ff93115790272f1c,30,80766963
