case,mode,trials,seed_min,seed_median,seed_p95,seed_max,shuffle_seed_min,shuffle_seed_median,shuffle_seed_p95,shuffle_seed_max,trial_min,trial_median,trial_p95,trial_max,run_index_min,run_index_median,run_index_p95,run_index_max,arena_bytes_min,arena_bytes_median,arena_bytes_p95,arena_bytes_max,page_bytes_min,page_bytes_median,page_bytes_p95,page_bytes_max,operations_min,operations_median,operations_p95,operations_max,checkpoint_at_min,checkpoint_at_median,checkpoint_at_p95,checkpoint_at_max,poll_batch_ops_min,poll_batch_ops_median,poll_batch_ops_p95,poll_batch_ops_max,first_write_pending_pages_min,first_write_pending_pages_median,first_write_pending_pages_p95,first_write_pending_pages_max,arena_init_ns_min,arena_init_ns_median,arena_init_ns_p95,arena_init_ns_max,workload_init_ns_min,workload_init_ns_median,workload_init_ns_p95,workload_init_ns_max,observer_setup_ns_min,observer_setup_ns_median,observer_setup_ns_p95,observer_setup_ns_max,checkpoint_call_ns_min,checkpoint_call_ns_median,checkpoint_call_ns_p95,checkpoint_call_ns_max,boundary_offset_ns_min,boundary_offset_ns_median,boundary_offset_ns_p95,boundary_offset_ns_max,capture_complete_ns_min,capture_complete_ns_median,capture_complete_ns_p95,capture_complete_ns_max,t_to_ready_ns_min,t_to_ready_ns_median,t_to_ready_ns_p95,t_to_ready_ns_max,worker_elapsed_ns_min,worker_elapsed_ns_median,worker_elapsed_ns_p95,worker_elapsed_ns_max,worker_cpu_ns_min,worker_cpu_ns_median,worker_cpu_ns_p95,worker_cpu_ns_max,wait_ns_min,wait_ns_median,wait_ns_p95,wait_ns_max,application_ns_min,application_ns_median,application_ns_p95,application_ns_max,operations_per_second_min,operations_per_second_median,operations_per_second_p95,operations_per_second_max,op_p50_ns_min,op_p50_ns_median,op_p50_ns_p95,op_p50_ns_max,op_p95_ns_min,op_p95_ns_median,op_p95_ns_p95,op_p95_ns_max,op_p99_ns_min,op_p99_ns_median,op_p99_ns_p95,op_p99_ns_max,op_max_ns_min,op_max_ns_median,op_max_ns_p95,op_max_ns_max,first_write_p50_ns_min,first_write_p50_ns_median,first_write_p50_ns_p95,first_write_p50_ns_max,first_write_p95_ns_min,first_write_p95_ns_median,first_write_p95_ns_p95,first_write_p95_ns_max,first_write_p99_ns_min,first_write_p99_ns_median,first_write_p99_ns_p95,first_write_p99_ns_max,first_write_max_ns_min,first_write_max_ns_median,first_write_max_ns_p95,first_write_max_ns_max,fault_pages_min,fault_pages_median,fault_pages_p95,fault_pages_max,scan_pages_min,scan_pages_median,scan_pages_p95,scan_pages_max,copied_bytes_min,copied_bytes_median,copied_bytes_p95,copied_bytes_max,restore_ns_min,restore_ns_median,restore_ns_p95,restore_ns_max,restore_validation_ns_min,restore_validation_ns_median,restore_validation_ns_p95,restore_validation_ns_max,validation_ns_min,validation_ns_median,validation_ns_p95,validation_ns_max,discard_ns_min,discard_ns_median,discard_ns_p95,discard_ns_max,arena_drop_ns_min,arena_drop_ns_median,arena_drop_ns_p95,arena_drop_ns_max,trial_total_ns_min,trial_total_ns_median,trial_total_ns_p95,trial_total_ns_max,process_cpu_ns_min,process_cpu_ns_median,process_cpu_ns_p95,process_cpu_ns_max,voluntary_switches_min,voluntary_switches_median,voluntary_switches_p95,voluntary_switches_max,involuntary_switches_min,involuntary_switches_median,involuntary_switches_p95,involuntary_switches_max,application_process_cpu_ns_min,application_process_cpu_ns_median,application_process_cpu_ns_p95,application_process_cpu_ns_max,application_voluntary_switches_min,application_voluntary_switches_median,application_voluntary_switches_p95,application_voluntary_switches_max,application_involuntary_switches_min,application_involuntary_switches_median,application_involuntary_switches_p95,application_involuntary_switches_max,peak_rss_kib_min,peak_rss_kib_median,peak_rss_kib_p95,peak_rss_kib_max,trial_peak_rss_kib_min,trial_peak_rss_kib_median,trial_peak_rss_kib_p95,trial_peak_rss_kib_max,clock_pair_p50_ns_min,clock_pair_p50_ns_median,clock_pair_p50_ns_p95,clock_pair_p50_ns_max,child_wall_ns_min,child_wall_ns_median,child_wall_ns_p95,child_wall_ns_max
idle-16-clustered,none,10,1.0,1.0,1.0,1.0,20261004.0,20261004.0,20261004.0,20261004.0,0.0,4.5,9.0,9.0,7.0,18.5,28.0,28.0,16777216.0,16777216.0,16777216.0,16777216.0,4096.0,4096.0,4096.0,4096.0,12288.0,12288.0,12288.0,12288.0,4096.0,4096.0,4096.0,4096.0,64.0,64.0,64.0,64.0,NA,NA,NA,NA,17508624.0,18191755.0,19592207.0,19592207.0,4899554.0,5205769.0,6579840.0,6579840.0,680891.0,687714.0,746728.0,746728.0,NA,NA,NA,NA,NA,NA,NA,NA,NA,NA,NA,NA,NA,NA,NA,NA,NA,NA,NA,NA,NA,NA,NA,NA,NA,NA,NA,NA,937124.0,963585.5,1006609.0,1006609.0,12207321.810156673,12752540.096278934,13112458.970210986,13112458.970210986,30.0,30.0,30.0,30.0,40.0,50.0,50.0,50.0,50.0,55.5,80.0,80.0,381.0,2690.5,31040.0,31040.0,NA,NA,NA,NA,NA,NA,NA,NA,NA,NA,NA,NA,NA,NA,NA,NA,NA,NA,NA,NA,NA,NA,NA,NA,NA,NA,NA,NA,NA,NA,NA,NA,NA,NA,NA,NA,19986535.0,20422039.0,21459562.0,21459562.0,NA,NA,NA,NA,3192126.0,3676534.0,4314788.0,4314788.0,48616255.0,49567275.0,51297898.0,51297898.0,47805000.0,48877000.0,50723000.0,50723000.0,0.0,0.0,0.0,0.0,5.0,8.0,16.0,16.0,935000.0,956500.0,997000.0,997000.0,0.0,0.0,0.0,0.0,0.0,0.0,2.0,2.0,35028.0,35214.0,35352.0,35352.0,51412.0,51598.0,51736.0,51736.0,30.0,30.0,30.0,30.0,50542964.0,60609603.0,61603101.0,61603101.0
idle-16-clustered,stopped,10,1.0,1.0,1.0,1.0,20261004.0,20261004.0,20261004.0,20261004.0,0.0,4.5,9.0,9.0,1.0,15.5,27.0,27.0,16777216.0,16777216.0,16777216.0,16777216.0,4096.0,4096.0,4096.0,4096.0,12288.0,12288.0,12288.0,12288.0,4096.0,4096.0,4096.0,4096.0,64.0,64.0,64.0,64.0,0.0,0.0,0.0,0.0,17668232.0,18674038.0,20069485.0,20069485.0,4947597.0,5130163.5,6143670.0,6143670.0,675009.0,692298.0,1050724.0,1050724.0,1513264.0,1659501.0,2994887.0,2994887.0,341.0,416.0,521.0,521.0,1513154.0,1659305.0,2994687.0,2994687.0,1512793.0,1658854.0,2994246.0,2994246.0,NA,NA,NA,NA,NA,NA,NA,NA,190.0,225.5,271.0,271.0,2477891.0,2698896.5,4073804.0,4073804.0,3016345.41082487,4552997.470278406,4959055.906817532,4959055.906817532,30.0,30.0,40.0,40.0,50.0,50.0,50.0,50.0,51.0,70.0,100.0,100.0,391.0,5040.0,16862.0,16862.0,NA,NA,NA,NA,NA,NA,NA,NA,NA,NA,NA,NA,NA,NA,NA,NA,0.0,0.0,0.0,0.0,4096.0,4096.0,4096.0,4096.0,16777216.0,16777216.0,16777216.0,16777216.0,1490300.0,1704933.0,1842648.0,1842648.0,4947447.0,5316557.5,6619787.0,6619787.0,24032616.0,24565247.0,25710307.0,25710307.0,170.0,245.5,642.0,642.0,3450344.0,3748087.5,4888924.0,4888924.0,61200476.0,63813838.5,66413013.0,66413013.0,60676000.0,63210000.0,65228000.0,65228000.0,0.0,0.0,0.0,0.0,5.0,11.5,21.0,21.0,2468000.0,2682000.0,4036000.0,4036000.0,0.0,0.0,0.0,0.0,0.0,0.0,3.0,3.0,35144.0,35388.0,35528.0,35528.0,51400.0,51710.0,51840.0,51840.0,30.0,30.0,30.0,30.0,70651395.0,70702623.0,71047086.0,71047086.0
idle-16-clustered,wp,10,1.0,1.0,1.0,1.0,20261004.0,20261004.0,20261004.0,20261004.0,0.0,4.5,9.0,9.0,0.0,5.5,29.0,29.0,16777216.0,16777216.0,16777216.0,16777216.0,4096.0,4096.0,4096.0,4096.0,12288.0,12288.0,12288.0,12288.0,4096.0,4096.0,4096.0,4096.0,64.0,64.0,64.0,64.0,41.0,41.0,41.0,41.0,17236129.0,18398968.5,20202611.0,20202611.0,4954159.0,5140548.5,6586623.0,6586623.0,672054.0,687178.0,1157468.0,1157468.0,639732.0,687980.0,1640279.0,1640279.0,627458.0,677770.0,1624779.0,1624779.0,12867206.0,13833553.0,14967090.0,14967090.0,12010527.0,13153613.5,14287592.0,14287592.0,11971963.0,13113440.5,14243477.0,14243477.0,12369495.0,13463129.0,14416371.0,14416371.0,11031262.0,12028116.0,13036834.0,13036834.0,1935427.0,2111415.5,3141399.0,3141399.0,3911633.001729484,5820554.9649295155,6348986.554388257,6348986.554388257,30.0,30.0,40.0,40.0,50.0,50.0,60.0,60.0,251.0,601.5,832.0,832.0,13636.0,18461.0,247717.0,247717.0,50.0,50.0,60.0,60.0,11612.0,13265.5,15420.0,15420.0,13636.0,18461.0,21853.0,21853.0,13636.0,18461.0,21853.0,21853.0,9.0,11.0,12.0,12.0,4084.0,4085.0,4087.0,4087.0,16777216.0,16777216.0,16777216.0,16777216.0,1492184.0,1786549.5,2846342.0,2846342.0,4964409.0,5509454.0,6425393.0,6425393.0,23427401.0,24169214.5,25327439.0,25327439.0,161.0,270.5,401.0,401.0,3456516.0,3695666.5,4618273.0,4618273.0,72259972.0,73871159.5,76860942.0,76860942.0,72530000.0,73967500.0,76697000.0,76697000.0,13.0,14.0,16.0,16.0,7.0,15.0,25.0,25.0,2035000.0,2544000.0,3655000.0,3655000.0,12.0,13.0,15.0,15.0,0.0,1.0,4.0,4.0,34924.0,35468.0,35864.0,35864.0,51308.0,51740.0,52248.0,52248.0,30.0,30.0,30.0,30.0,80739790.0,80772208.0,82014345.0,82014345.0
idle-16-read-heavy,none,10,1.0,1.0,1.0,1.0,20261004.0,20261004.0,20261004.0,20261004.0,0.0,4.5,9.0,9.0,7.0,18.5,28.0,28.0,16777216.0,16777216.0,16777216.0,16777216.0,4096.0,4096.0,4096.0,4096.0,12288.0,12288.0,12288.0,12288.0,4096.0,4096.0,4096.0,4096.0,64.0,64.0,64.0,64.0,NA,NA,NA,NA,16748992.0,17865901.5,23908658.0,23908658.0,4946024.0,5081485.0,9503529.0,9503529.0,673177.0,684724.0,784842.0,784842.0,NA,NA,NA,NA,NA,NA,NA,NA,NA,NA,NA,NA,NA,NA,NA,NA,NA,NA,NA,NA,NA,NA,NA,NA,NA,NA,NA,NA,1377492.0,1491176.5,2503651.0,2503651.0,4908032.309615038,8240856.864857458,8920559.974214006,8920559.974214006,50.0,60.0,150.0,150.0,130.0,140.0,240.0,240.0,201.0,245.5,421.0,421.0,521.0,3762.0,67881.0,67881.0,NA,NA,NA,NA,NA,NA,NA,NA,NA,NA,NA,NA,NA,NA,NA,NA,NA,NA,NA,NA,NA,NA,NA,NA,NA,NA,NA,NA,NA,NA,NA,NA,NA,NA,NA,NA,18434828.0,19259120.0,25281762.0,25281762.0,NA,NA,NA,NA,2930713.0,3465323.0,4167996.0,4167996.0,46049232.0,47586772.0,66294235.0,66294235.0,45493000.0,46901000.0,62560000.0,62560000.0,0.0,0.0,0.0,0.0,1.0,10.0,21.0,21.0,1373000.0,1486500.0,2371000.0,2371000.0,0.0,0.0,0.0,0.0,0.0,0.0,4.0,4.0,34888.0,35120.0,35416.0,35416.0,51272.0,51480.0,51800.0,51800.0,30.0,30.0,30.0,30.0,50527745.0,50549577.0,70734224.0,70734224.0
idle-16-read-heavy,stopped,10,1.0,1.0,1.0,1.0,20261004.0,20261004.0,20261004.0,20261004.0,0.0,4.5,9.0,9.0,1.0,15.5,27.0,27.0,16777216.0,16777216.0,16777216.0,16777216.0,4096.0,4096.0,4096.0,4096.0,12288.0,12288.0,12288.0,12288.0,4096.0,4096.0,4096.0,4096.0,64.0,64.0,64.0,64.0,0.0,0.0,0.0,0.0,16664859.0,17547022.5,19915770.0,19915770.0,4926326.0,5082095.5,5728020.0,5728020.0,674218.0,687504.0,729866.0,729866.0,1466594.0,1787016.5,2108089.0,2108089.0,361.0,501.0,582.0,582.0,1466474.0,1786881.0,2107819.0,2107819.0,1466033.0,1786440.0,2107278.0,2107278.0,NA,NA,NA,NA,NA,NA,NA,NA,130.0,215.5,420.0,420.0,2973976.0,3427450.0,4032045.0,4032045.0,3047585.0343932174,3585183.7913861144,4131842.355150142,4131842.355150142,60.0,60.0,90.0,90.0,140.0,175.5,200.0,200.0,230.0,310.5,370.0,370.0,661.0,8180.5,205035.0,205035.0,NA,NA,NA,NA,NA,NA,NA,NA,NA,NA,NA,NA,NA,NA,NA,NA,0.0,0.0,0.0,0.0,4096.0,4096.0,4096.0,4096.0,16777216.0,16777216.0,16777216.0,16777216.0,1512252.0,1574115.5,2075737.0,2075737.0,4898282.0,5009902.0,6548379.0,6548379.0,22161253.0,23172400.0,27678457.0,27678457.0,230.0,265.5,491.0,491.0,3273814.0,3521205.5,4054157.0,4054157.0,57633838.0,59797434.0,68403956.0,68403956.0,57041000.0,59143500.0,64402000.0,64402000.0,0.0,0.0,0.0,0.0,6.0,12.0,55.0,55.0,2961000.0,3396000.0,3853000.0,3853000.0,0.0,0.0,0.0,0.0,0.0,0.0,1.0,1.0,34972.0,35244.0,35420.0,35420.0,51228.0,51588.0,51736.0,51736.0,30.0,30.0,30.0,30.0,60594199.0,70644245.5,70780503.0,70780503.0
idle-16-read-heavy,wp,10,1.0,1.0,1.0,1.0,20261004.0,20261004.0,20261004.0,20261004.0,0.0,4.5,9.0,9.0,0.0,5.5,29.0,29.0,16777216.0,16777216.0,16777216.0,16777216.0,4096.0,4096.0,4096.0,4096.0,12288.0,12288.0,12288.0,12288.0,4096.0,4096.0,4096.0,4096.0,64.0,64.0,64.0,64.0,0.0,0.0,0.0,0.0,16912295.0,17976009.0,22743605.0,22743605.0,4920084.0,5203605.0,7198511.0,7198511.0,680380.0,695759.5,829217.0,829217.0,640543.0,710553.0,920923.0,920923.0,631977.0,697768.5,911605.0,911605.0,13133980.0,13946410.0,16529730.0,16529730.0,12441276.0,13274516.0,15897753.0,15897753.0,12397021.0,13230461.0,15825373.0,15825373.0,12713871.0,13504603.0,15700338.0,15700338.0,10782672.0,11701276.5,14370070.0,14370070.0,2534280.0,2998809.5,3510770.0,3510770.0,3500086.8755287305,4099503.1306641507,4848714.4277664665,4848714.4277664665,60.0,105.0,121.0,121.0,190.0,235.5,341.0,341.0,922.0,1027.0,1252.0,1252.0,6582.0,10314.5,36010.0,36010.0,NA,NA,NA,NA,NA,NA,NA,NA,NA,NA,NA,NA,NA,NA,NA,NA,0.0,0.0,0.0,0.0,4096.0,4096.0,4096.0,4096.0,16777216.0,16777216.0,16777216.0,16777216.0,1663363.0,2021998.0,2721190.0,2721190.0,4917408.0,5254793.5,7573142.0,7573142.0,22875619.0,23699495.5,31650766.0,31650766.0,200.0,356.0,641.0,641.0,3056966.0,3622676.0,4251106.0,4251106.0,69610018.0,73425656.0,93625433.0,93625433.0,70256000.0,73901000.0,88255000.0,88255000.0,3.0,3.0,3.0,3.0,13.0,16.5,31.0,31.0,3363000.0,3862500.0,4851000.0,4851000.0,2.0,2.0,2.0,2.0,0.0,1.0,6.0,6.0,35288.0,35544.0,35664.0,35664.0,51480.0,51788.0,51972.0,51972.0,30.0,30.0,30.0,30.0,80746904.0,80802836.5,100975657.0,100975657.0
idle-16-sequential,none,10,1.0,1.0,1.0,1.0,20261004.0,20261004.0,20261004.0,20261004.0,0.0,4.5,9.0,9.0,7.0,18.5,28.0,28.0,16777216.0,16777216.0,16777216.0,16777216.0,4096.0,4096.0,4096.0,4096.0,12288.0,12288.0,12288.0,12288.0,4096.0,4096.0,4096.0,4096.0,64.0,64.0,64.0,64.0,NA,NA,NA,NA,17104265.0,18170574.0,19111801.0,19111801.0,4959890.0,5286274.0,6485127.0,6485127.0,673417.0,688646.5,767117.0,767117.0,NA,NA,NA,NA,NA,NA,NA,NA,NA,NA,NA,NA,NA,NA,NA,NA,NA,NA,NA,NA,NA,NA,NA,NA,NA,NA,NA,NA,19573781.0,20537372.0,23672814.0,23672814.0,519076.4393282522,598327.5507945262,627778.5574488649,627778.5574488649,1503.0,1503.0,1503.0,1503.0,1543.0,1628.5,2925.0,2925.0,2765.0,3952.0,4830.0,4830.0,20279.0,35037.5,371616.0,371616.0,NA,NA,NA,NA,NA,NA,NA,NA,NA,NA,NA,NA,NA,NA,NA,NA,NA,NA,NA,NA,NA,NA,NA,NA,NA,NA,NA,NA,NA,NA,NA,NA,NA,NA,NA,NA,30796661.0,31215963.0,32912145.0,32912145.0,NA,NA,NA,NA,2799170.0,3544345.0,4736681.0,4736681.0,78898875.0,80243770.5,82943574.0,82943574.0,78081000.0,79376000.0,81575000.0,81575000.0,0.0,0.0,0.0,0.0,8.0,15.0,18.0,18.0,19372000.0,20340000.0,23101000.0,23101000.0,0.0,0.0,0.0,0.0,0.0,4.0,6.0,6.0,35016.0,35328.0,35488.0,35488.0,51528.0,51796.0,51872.0,51872.0,30.0,30.0,30.0,30.0,80728018.0,90802326.5,91427700.0,91427700.0
idle-16-sequential,stopped,10,1.0,1.0,1.0,1.0,20261004.0,20261004.0,20261004.0,20261004.0,0.0,4.5,9.0,9.0,1.0,15.5,27.0,27.0,16777216.0,16777216.0,16777216.0,16777216.0,4096.0,4096.0,4096.0,4096.0,12288.0,12288.0,12288.0,12288.0,4096.0,4096.0,4096.0,4096.0,64.0,64.0,64.0,64.0,0.0,0.0,0.0,0.0,17556286.0,18330542.0,19213206.0,19213206.0,4906047.0,5381132.0,5983973.0,5983973.0,668087.0,680350.5,1150305.0,1150305.0,1495390.0,1640513.5,2377949.0,2377949.0,450.0,591.0,801.0,801.0,1495249.0,1640253.5,2377809.0,2377809.0,1494698.0,1639702.5,2377148.0,2377148.0,NA,NA,NA,NA,NA,NA,NA,NA,240.0,311.0,721.0,721.0,21219229.0,22112850.0,23985266.0,23985266.0,512314.5184214342,555702.3298409083,579097.3837927853,579097.3837927853,1503.0,1503.0,1503.0,1503.0,1543.0,1733.0,2836.0,2836.0,2295.0,3571.5,4649.0,4649.0,15710.0,65000.0,612619.0,612619.0,NA,NA,NA,NA,NA,NA,NA,NA,NA,NA,NA,NA,NA,NA,NA,NA,0.0,0.0,0.0,0.0,4096.0,4096.0,4096.0,4096.0,16777216.0,16777216.0,16777216.0,16777216.0,1521260.0,1697959.5,3361272.0,3361272.0,4906809.0,5063550.0,6925555.0,6925555.0,34397505.0,34981895.0,39044773.0,39044773.0,210.0,230.5,340.0,340.0,3365180.0,3585123.5,4364804.0,4364804.0,89869370.0,93405564.5,98997787.0,98997787.0,89240000.0,92176500.0,97720000.0,97720000.0,0.0,0.0,0.0,0.0,0.0,12.0,20.0,20.0,21043000.0,21885500.0,23745000.0,23745000.0,0.0,0.0,0.0,0.0,0.0,2.5,5.0,5.0,35144.0,35352.0,35532.0,35532.0,51400.0,51706.0,51916.0,51916.0,30.0,30.0,30.0,30.0,100814636.0,101180946.0,101745037.0,101745037.0
idle-16-sequential,wp,10,1.0,1.0,1.0,1.0,20261004.0,20261004.0,20261004.0,20261004.0,0.0,4.5,9.0,9.0,0.0,5.5,29.0,29.0,16777216.0,16777216.0,16777216.0,16777216.0,4096.0,4096.0,4096.0,4096.0,12288.0,12288.0,12288.0,12288.0,4096.0,4096.0,4096.0,4096.0,64.0,64.0,64.0,64.0,4096.0,4096.0,4096.0,4096.0,16978604.0,17850001.5,18368920.0,18368920.0,4922419.0,5797343.5,6300101.0,6300101.0,673827.0,679624.0,1028891.0,1028891.0,642467.0,687444.0,741738.0,741738.0,634471.0,676232.5,728433.0,728433.0,16147914.0,17021997.5,17956797.0,17956797.0,15513443.0,16328622.0,17275956.0,17275956.0,15462474.0,16287237.5,17230268.0,17230268.0,15573594.0,16449654.0,17584609.0,17584609.0,191.0,220.5,400.0,400.0,29540593.0,30066875.5,30723470.0,30723470.0,399954.82281135564,408689.090238654,415969.9840825809,415969.9840825809,1503.0,1513.0,1513.0,1513.0,3707.0,3922.5,4408.0,4408.0,5640.0,8726.5,10932.0,10932.0,45848.0,258523.0,869705.0,869705.0,2836.0,2865.0,3517.0,3517.0,3838.0,5370.0,5931.0,5931.0,11172.0,13210.0,16261.0,16261.0,45848.0,167853.5,603732.0,603732.0,0.0,3.0,7.0,7.0,4089.0,4093.0,4096.0,4096.0,16777216.0,16777216.0,16777216.0,16777216.0,1515829.0,1667686.0,2000182.0,2000182.0,4912349.0,5218754.0,5921833.0,5921833.0,33945956.0,34992966.5,36563966.0,36563966.0,161.0,251.0,311.0,311.0,3088738.0,4269325.5,5613830.0,5613830.0,99084955.0,101272718.0,102111013.0,102111013.0,111944000.0,114081000.0,115761000.0,115761000.0,43.0,73.0,147.0,147.0,6.0,22.0,29.0,29.0,42678000.0,43865500.0,45605000.0,45605000.0,43.0,73.0,147.0,147.0,6.0,10.0,13.0,13.0,35164.0,35468.0,35796.0,35796.0,51548.0,51852.0,52180.0,52180.0,30.0,30.0,30.0,30.0,100879471.0,110968578.0,112418400.0,112418400.0
idle-16-sparse,none,10,1.0,1.0,1.0,1.0,20261004.0,20261004.0,20261004.0,20261004.0,0.0,4.5,9.0,9.0,7.0,18.5,28.0,28.0,16777216.0,16777216.0,16777216.0,16777216.0,4096.0,4096.0,4096.0,4096.0,12288.0,12288.0,12288.0,12288.0,4096.0,4096.0,4096.0,4096.0,64.0,64.0,64.0,64.0,NA,NA,NA,NA,16934819.0,17633950.5,19302999.0,19302999.0,4901168.0,4996245.5,5958714.0,5958714.0,667996.0,685735.0,807675.0,807675.0,NA,NA,NA,NA,NA,NA,NA,NA,NA,NA,NA,NA,NA,NA,NA,NA,NA,NA,NA,NA,NA,NA,NA,NA,NA,NA,NA,NA,1089548.0,1145350.5,1643454.0,1643454.0,7476935.770639154,10728620.3103206,11278071.273592351,11278071.273592351,40.0,40.0,50.0,50.0,60.0,65.0,170.0,170.0,140.0,180.5,1002.0,1002.0,451.0,466.0,10170.0,10170.0,NA,NA,NA,NA,NA,NA,NA,NA,NA,NA,NA,NA,NA,NA,NA,NA,NA,NA,NA,NA,NA,NA,NA,NA,NA,NA,NA,NA,NA,NA,NA,NA,NA,NA,NA,NA,19340842.0,20110840.0,20946504.0,20946504.0,NA,NA,NA,NA,2797637.0,3546003.0,4467973.0,4467973.0,46725213.0,49277868.5,49712385.0,49712385.0,46148000.0,48443500.0,49059000.0,49059000.0,0.0,0.0,0.0,0.0,0.0,9.0,11.0,11.0,1087000.0,1142000.0,1639000.0,1639000.0,0.0,0.0,0.0,0.0,0.0,0.0,0.0,0.0,35216.0,35344.0,35456.0,35456.0,51600.0,51760.0,51932.0,51932.0,30.0,30.0,30.0,30.0,50542533.0,50584309.0,60951577.0,60951577.0
idle-16-sparse,stopped,10,1.0,1.0,1.0,1.0,20261004.0,20261004.0,20261004.0,20261004.0,0.0,4.5,9.0,9.0,1.0,15.5,27.0,27.0,16777216.0,16777216.0,16777216.0,16777216.0,4096.0,4096.0,4096.0,4096.0,12288.0,12288.0,12288.0,12288.0,4096.0,4096.0,4096.0,4096.0,64.0,64.0,64.0,64.0,0.0,0.0,0.0,0.0,16853974.0,17512978.0,19213527.0,19213527.0,4946155.0,5271225.0,5884612.0,5884612.0,675331.0,702288.0,1084207.0,1084207.0,1482606.0,1733883.5,1886843.0,1886843.0,351.0,451.0,641.0,641.0,1482394.0,1733708.0,1886483.0,1886483.0,1481974.0,1733187.0,1886132.0,1886132.0,NA,NA,NA,NA,NA,NA,NA,NA,211.0,250.0,3887.0,3887.0,2677325.0,2932792.5,3378696.0,3378696.0,3636906.0726386746,4192746.9807658466,4589655.719794945,4589655.719794945,40.0,40.0,50.0,50.0,60.0,80.0,100.0,100.0,130.0,200.5,341.0,341.0,451.0,3151.0,8817.0,8817.0,NA,NA,NA,NA,NA,NA,NA,NA,NA,NA,NA,NA,NA,NA,NA,NA,0.0,0.0,0.0,0.0,4096.0,4096.0,4096.0,4096.0,16777216.0,16777216.0,16777216.0,16777216.0,1498095.0,1682795.5,2322262.0,2322262.0,4945082.0,5401596.5,5745563.0,5745563.0,22820492.0,24230763.0,25491817.0,25491817.0,110.0,225.5,381.0,381.0,3379207.0,3520534.0,4275613.0,4275613.0,59254238.0,61789986.5,66167670.0,66167670.0,58709000.0,61118000.0,65292000.0,65292000.0,0.0,0.0,0.0,0.0,7.0,12.5,15.0,15.0,2639000.0,2916000.0,3361000.0,3361000.0,0.0,0.0,0.0,0.0,0.0,0.0,2.0,2.0,35024.0,35356.0,35416.0,35416.0,51408.0,51760.0,51928.0,51928.0,30.0,30.0,30.0,30.0,60588196.0,70675420.5,70729244.0,70729244.0
idle-16-sparse,wp,10,1.0,1.0,1.0,1.0,20261004.0,20261004.0,20261004.0,20261004.0,0.0,4.5,9.0,9.0,0.0,5.5,29.0,29.0,16777216.0,16777216.0,16777216.0,16777216.0,4096.0,4096.0,4096.0,4096.0,12288.0,12288.0,12288.0,12288.0,4096.0,4096.0,4096.0,4096.0,64.0,64.0,64.0,64.0,3527.0,3527.0,3527.0,3527.0,16596047.0,18797586.5,25206226.0,25206226.0,4959890.0,5557516.5,9073121.0,9073121.0,674669.0,734098.5,791384.0,791384.0,631266.0,722852.5,1079098.0,1079098.0,619483.0,713113.0,1066203.0,1066203.0,17351371.0,19147966.0,22883264.0,22883264.0,16671892.0,18400672.0,22171824.0,22171824.0,16633508.0,18354974.0,22124132.0,22124132.0,16894609.0,18771137.5,22430691.0,22430691.0,600657.0,906621.0,1509787.0,1509787.0,16818084.0,18584446.0,22686765.0,22686765.0,541637.3819713829,662186.0373598589,730642.0874101949,730642.0874101949,50.0,50.0,60.0,60.0,10811.0,11402.0,13597.0,13597.0,11252.0,15094.0,16472.0,16472.0,39937.0,404138.0,1418442.0,1418442.0,60.0,60.0,70.0,70.0,11091.0,14328.0,15781.0,15781.0,15951.0,18656.5,34206.0,34206.0,39937.0,404138.0,1418442.0,1418442.0,752.0,1245.5,1324.0,1324.0,2772.0,2850.5,3344.0,3344.0,16777216.0,16777216.0,16777216.0,16777216.0,1520357.0,1874018.5,2330217.0,2330217.0,5012592.0,5750878.5,9074995.0,9074995.0,23502636.0,25686576.5,32855035.0,32855035.0,130.0,280.5,5641.0,5641.0,3149284.0,3767880.5,4791797.0,4791797.0,75751225.0,82638456.5,97359814.0,97359814.0,82277000.0,88659500.0,103993000.0,103993000.0,755.0,1250.0,1328.0,1328.0,12.0,17.0,34.0,34.0,23342000.0,25136500.0,31202000.0,31202000.0,754.0,1249.0,1327.0,1327.0,1.0,5.5,15.0,15.0,35204.0,35452.0,35788.0,35788.0,51588.0,51836.0,52172.0,52172.0,30.0,30.0,30.0,30.0,80692399.0,85860901.5,102026540.0,102026540.0
idle-256-clustered,none,10,1.0,1.0,1.0,1.0,20261004.0,20261004.0,20261004.0,20261004.0,0.0,4.5,9.0,9.0,7.0,18.5,28.0,28.0,268435456.0,268435456.0,268435456.0,268435456.0,4096.0,4096.0,4096.0,4096.0,196608.0,196608.0,196608.0,196608.0,65536.0,65536.0,65536.0,65536.0,64.0,64.0,64.0,64.0,NA,NA,NA,NA,265624870.0,269868882.0,281968241.0,281968241.0,78865081.0,79600246.5,107770169.0,107770169.0,712362.0,719320.0,900565.0,900565.0,NA,NA,NA,NA,NA,NA,NA,NA,NA,NA,NA,NA,NA,NA,NA,NA,NA,NA,NA,NA,NA,NA,NA,NA,NA,NA,NA,NA,15692066.0,15918242.0,20011603.0,20011603.0,9824700.200178867,12351114.042088788,12529134.149703423,12529134.149703423,30.0,30.0,40.0,40.0,50.0,50.0,70.0,70.0,61.0,80.0,151.0,151.0,5421.0,6657.5,11302.0,11302.0,NA,NA,NA,NA,NA,NA,NA,NA,NA,NA,NA,NA,NA,NA,NA,NA,NA,NA,NA,NA,NA,NA,NA,NA,NA,NA,NA,NA,NA,NA,NA,NA,NA,NA,NA,NA,301046106.0,306306380.5,333228986.0,333228986.0,NA,NA,NA,NA,51982997.0,54417309.0,57767345.0,57767345.0,721922594.0,726824057.5,773480834.0,773480834.0,717988000.0,722780500.0,768844000.0,768844000.0,0.0,0.0,0.0,0.0,2.0,14.0,22.0,22.0,15631000.0,15844500.0,19884000.0,19884000.0,0.0,0.0,0.0,0.0,0.0,0.0,0.0,0.0,529428.0,529756.0,529880.0,529880.0,791572.0,791900.0,792024.0,792024.0,30.0,30.0,30.0,30.0,724736192.0,734880541.0,777842202.0,777842202.0
idle-256-clustered,stopped,10,1.0,1.0,1.0,1.0,20261004.0,20261004.0,20261004.0,20261004.0,0.0,4.5,9.0,9.0,1.0,15.5,27.0,27.0,268435456.0,268435456.0,268435456.0,268435456.0,4096.0,4096.0,4096.0,4096.0,196608.0,196608.0,196608.0,196608.0,65536.0,65536.0,65536.0,65536.0,64.0,64.0,64.0,64.0,0.0,0.0,0.0,0.0,265847048.0,272255162.5,315629728.0,315629728.0,78636060.0,81383380.0,123615711.0,123615711.0,708665.0,729078.5,857521.0,857521.0,31959631.0,34885048.0,41169675.0,41169675.0,3377.0,3757.5,4679.0,4679.0,31959280.0,34884487.5,41169044.0,41169044.0,31955743.0,34880715.0,41165497.0,41165497.0,NA,NA,NA,NA,NA,NA,NA,NA,220.0,301.0,571.0,571.0,48696098.0,51949001.5,60546667.0,60546667.0,3247214.252107387,3785475.148433231,4037448.750000462,4037448.750000462,30.0,35.5,40.0,40.0,50.0,60.0,70.0,70.0,90.0,120.5,161.0,161.0,6022.0,8912.0,15550.0,15550.0,NA,NA,NA,NA,NA,NA,NA,NA,NA,NA,NA,NA,NA,NA,NA,NA,0.0,0.0,0.0,0.0,65536.0,65536.0,65536.0,65536.0,268435456.0,268435456.0,268435456.0,268435456.0,29977204.0,32275789.5,38139801.0,38139801.0,79439577.0,80905139.0,90470418.0,90470418.0,356976134.0,363172685.0,386074324.0,386074324.0,361.0,441.0,542.0,542.0,52639030.0,53972978.5,62827098.0,62827098.0,923225087.0,938661886.0,1063214146.0,1063214146.0,918541000.0,933527500.0,1035717000.0,1035717000.0,0.0,0.0,0.0,0.0,3.0,15.5,312.0,312.0,48450000.0,51676000.0,60133000.0,60133000.0,0.0,0.0,0.0,0.0,0.0,0.0,34.0,34.0,529352.0,529642.0,529888.0,529888.0,791516.0,791786.0,792032.0,792032.0,30.0,30.0,30.0,30.0,926144239.0,946252879.0,1070385506.0,1070385506.0
idle-256-clustered,wp,10,1.0,1.0,1.0,1.0,20261004.0,20261004.0,20261004.0,20261004.0,0.0,4.5,9.0,9.0,0.0,5.5,29.0,29.0,268435456.0,268435456.0,268435456.0,268435456.0,4096.0,4096.0,4096.0,4096.0,196608.0,196608.0,196608.0,196608.0,65536.0,65536.0,65536.0,65536.0,64.0,64.0,64.0,64.0,656.0,656.0,656.0,656.0,267176257.0,271240718.5,287130591.0,287130591.0,78434120.0,79365408.5,82957861.0,82957861.0,708875.0,722045.5,735947.0,735947.0,8030634.0,8380261.0,9635634.0,9635634.0,8014272.0,8365142.5,9615445.0,9615445.0,204200644.0,212223161.0,220636371.0,220636371.0,196186372.0,203168807.0,211904207.0,211904207.0,196141946.0,203122437.0,210967834.0,210967834.0,202775808.0,207455889.0,217889480.0,217889480.0,178669481.0,185058579.0,195009656.0,195009656.0,30387303.0,31266065.5,34700227.0,34700227.0,5665899.5343171675,6288364.694914386,6470070.739742845,6470070.739742845,30.0,30.5,40.0,40.0,60.0,60.5,81.0,81.0,401.0,822.0,842.0,842.0,17825.0,25880.0,173354.0,173354.0,50.0,50.0,60.0,60.0,11031.0,11512.0,15359.0,15359.0,12354.0,14372.5,20199.0,20199.0,17825.0,25880.0,173354.0,173354.0,186.0,209.5,231.0,231.0,65305.0,65326.5,65350.0,65350.0,268435456.0,268435456.0,268435456.0,268435456.0,29450619.0,31638507.5,44665807.0,44665807.0,79598332.0,80978330.0,101194217.0,101194217.0,353683813.0,361319702.5,375264909.0,375264909.0,330.0,426.0,651.0,651.0,52240282.0,54033906.5,57581287.0,57581287.0,1081330731.0,1109944529.0,1129541144.0,1129541144.0,1089675000.0,1109478000.0,1133267000.0,1133267000.0,190.0,213.5,234.0,234.0,10.0,35.0,136.0,136.0,43583000.0,45275500.0,49171000.0,49171000.0,189.0,212.5,233.0,233.0,2.0,6.0,13.0,13.0,529492.0,530022.0,530264.0,530264.0,791508.0,792120.0,792248.0,792248.0,30.0,30.0,30.0,30.0,1086942827.0,1117375788.5,1137665959.0,1137665959.0
idle-256-read-heavy,none,10,1.0,1.0,1.0,1.0,20261004.0,20261004.0,20261004.0,20261004.0,0.0,4.5,9.0,9.0,7.0,18.5,28.0,28.0,268435456.0,268435456.0,268435456.0,268435456.0,4096.0,4096.0,4096.0,4096.0,196608.0,196608.0,196608.0,196608.0,65536.0,65536.0,65536.0,65536.0,64.0,64.0,64.0,64.0,NA,NA,NA,NA,262362197.0,271331283.0,317845715.0,317845715.0,78401108.0,80341252.5,108459907.0,108459907.0,703484.0,716865.5,750415.0,750415.0,NA,NA,NA,NA,NA,NA,NA,NA,NA,NA,NA,NA,NA,NA,NA,NA,NA,NA,NA,NA,NA,NA,NA,NA,NA,NA,NA,NA,31072232.0,33103748.5,40959060.0,40959060.0,4800110.158778058,5941590.683188631,6327450.18124221,6327450.18124221,120.0,125.0,141.0,141.0,161.0,190.5,251.0,251.0,391.0,406.0,451.0,451.0,7064.0,16036.0,626968.0,626968.0,NA,NA,NA,NA,NA,NA,NA,NA,NA,NA,NA,NA,NA,NA,NA,NA,NA,NA,NA,NA,NA,NA,NA,NA,NA,NA,NA,NA,NA,NA,NA,NA,NA,NA,NA,NA,297605732.0,302110421.0,320491220.0,320491220.0,NA,NA,NA,NA,48507465.0,52471026.0,56724117.0,56724117.0,721383547.0,745492696.0,806884735.0,806884735.0,717909000.0,738940500.0,796829000.0,796829000.0,0.0,0.0,0.0,0.0,9.0,23.5,143.0,143.0,30935000.0,32929000.0,40427000.0,40427000.0,0.0,0.0,0.0,0.0,0.0,0.0,27.0,27.0,528992.0,529626.0,529940.0,529940.0,791264.0,791762.0,792012.0,792012.0,30.0,30.0,30.0,30.0,724612975.0,749936071.5,816403164.0,816403164.0
idle-256-read-heavy,stopped,10,1.0,1.0,1.0,1.0,20261004.0,20261004.0,20261004.0,20261004.0,0.0,4.5,9.0,9.0,1.0,15.5,27.0,27.0,268435456.0,268435456.0,268435456.0,268435456.0,4096.0,4096.0,4096.0,4096.0,196608.0,196608.0,196608.0,196608.0,65536.0,65536.0,65536.0,65536.0,64.0,64.0,64.0,64.0,0.0,0.0,0.0,0.0,261368624.0,272809234.5,287592881.0,287592881.0,78393352.0,79592260.5,89099107.0,89099107.0,709667.0,719691.0,1411167.0,1411167.0,30704895.0,34289717.5,36352599.0,36352599.0,3096.0,3627.0,3947.0,3947.0,30704574.0,34289146.0,36351968.0,36351968.0,30700957.0,34285354.0,36348281.0,36348281.0,NA,NA,NA,NA,NA,NA,NA,NA,261.0,331.0,691.0,691.0,63930172.0,68745986.0,73528093.0,73528093.0,2673916.757231824,2860060.4409773014,3075355.4049565205,3075355.4049565205,121.0,130.0,131.0,131.0,200.0,201.0,251.0,251.0,411.0,420.5,460.0,460.0,6152.0,9368.0,251464.0,251464.0,NA,NA,NA,NA,NA,NA,NA,NA,NA,NA,NA,NA,NA,NA,NA,NA,0.0,0.0,0.0,0.0,65536.0,65536.0,65536.0,65536.0,268435456.0,268435456.0,268435456.0,268435456.0,29783971.0,31536366.0,38098451.0,38098451.0,79315699.0,82432059.0,110170742.0,110170742.0,347849169.0,359802616.5,390911348.0,390911348.0,340.0,410.0,611.0,611.0,49772019.0,52417829.5,69422258.0,69422258.0,918317648.0,950707672.0,1035597157.0,1035597157.0,914029000.0,941593500.0,1016888000.0,1016888000.0,0.0,0.0,0.0,0.0,3.0,44.5,128.0,128.0,63591000.0,68107000.0,72897000.0,72897000.0,0.0,0.0,0.0,0.0,0.0,1.0,17.0,17.0,529164.0,529616.0,529876.0,529876.0,791308.0,791660.0,792020.0,792020.0,30.0,30.0,30.0,30.0,925917241.0,956383446.0,1038975783.0,1038975783.0
idle-256-read-heavy,wp,10,1.0,1.0,1.0,1.0,20261004.0,20261004.0,20261004.0,20261004.0,0.0,4.5,9.0,9.0,0.0,5.5,29.0,29.0,268435456.0,268435456.0,268435456.0,268435456.0,4096.0,4096.0,4096.0,4096.0,196608.0,196608.0,196608.0,196608.0,65536.0,65536.0,65536.0,65536.0,64.0,64.0,64.0,64.0,0.0,0.0,0.0,0.0,264583715.0,287242356.0,312415749.0,312415749.0,80359668.0,84402273.0,92614266.0,92614266.0,714476.0,729124.0,939599.0,939599.0,7402614.0,8233023.5,10148792.0,10148792.0,7382976.0,8219221.5,10129936.0,10129936.0,209208467.0,219471548.0,235212879.0,235212879.0,201147263.0,211294808.5,227829903.0,227829903.0,201094582.0,211248364.0,227771862.0,227771862.0,207700022.0,217546940.0,227489917.0,227489917.0,166197446.0,173799483.5,188569545.0,188569545.0,51979911.0,56955272.0,67091139.0,67091139.0,2930461.502524201,3451978.826522221,3782384.3138169283,3782384.3138169283,140.0,140.0,171.0,171.0,371.0,436.0,501.0,501.0,1001.0,1077.0,1283.0,1283.0,8446.0,26366.0,253959.0,253959.0,NA,NA,NA,NA,NA,NA,NA,NA,NA,NA,NA,NA,NA,NA,NA,NA,0.0,0.0,0.0,0.0,65536.0,65536.0,65536.0,65536.0,268435456.0,268435456.0,268435456.0,268435456.0,30159333.0,35593317.5,45180659.0,45180659.0,79636506.0,85368858.5,100112123.0,100112123.0,350924000.0,376832107.5,399655415.0,399655415.0,331.0,531.0,9829.0,9829.0,52482499.0,58131571.5,71658003.0,71658003.0,1087894330.0,1171276042.5,1236877418.0,1236877418.0,1112450000.0,1194203000.0,1252606000.0,1252606000.0,3.0,3.0,4.0,4.0,18.0,64.5,211.0,211.0,81566000.0,88977500.0,104181000.0,104181000.0,2.0,2.0,2.0,2.0,3.0,11.0,27.0,27.0,529164.0,529690.0,530000.0,530000.0,791436.0,791756.0,792144.0,792144.0,30.0,30.0,30.0,30.0,1097227131.0,1181330012.5,1241396249.0,1241396249.0
idle-256-sequential,none,10,1.0,1.0,1.0,1.0,20261004.0,20261004.0,20261004.0,20261004.0,0.0,4.5,9.0,9.0,7.0,18.5,28.0,28.0,268435456.0,268435456.0,268435456.0,268435456.0,4096.0,4096.0,4096.0,4096.0,196608.0,196608.0,196608.0,196608.0,65536.0,65536.0,65536.0,65536.0,64.0,64.0,64.0,64.0,NA,NA,NA,NA,270207695.0,291612971.5,306994200.0,306994200.0,78500168.0,84265248.5,87616933.0,87616933.0,716270.0,726744.0,821152.0,821152.0,NA,NA,NA,NA,NA,NA,NA,NA,NA,NA,NA,NA,NA,NA,NA,NA,NA,NA,NA,NA,NA,NA,NA,NA,NA,NA,NA,NA,309268088.0,329396958.0,356932510.0,356932510.0,550826.8215747565,596934.4434883867,635720.2945555766,635720.2945555766,1503.0,1503.0,1503.0,1503.0,1533.0,2554.5,2886.0,2886.0,2385.0,2965.0,4118.0,4118.0,28775.0,84743.0,379711.0,379711.0,NA,NA,NA,NA,NA,NA,NA,NA,NA,NA,NA,NA,NA,NA,NA,NA,NA,NA,NA,NA,NA,NA,NA,NA,NA,NA,NA,NA,NA,NA,NA,NA,NA,NA,NA,NA,474669882.0,493922959.5,529730024.0,529730024.0,NA,NA,NA,NA,55754409.0,58763939.0,67465640.0,67465640.0,1200889189.0,1257767984.5,1307028799.0,1307028799.0,1192406000.0,1243907500.0,1296228000.0,1296228000.0,0.0,0.0,0.0,0.0,18.0,89.0,199.0,199.0,307667000.0,325613000.0,353225000.0,353225000.0,0.0,0.0,0.0,0.0,1.0,22.5,81.0,81.0,529092.0,529436.0,530000.0,530000.0,791364.0,791572.0,791940.0,791940.0,30.0,30.0,30.0,30.0,1208168487.0,1261253470.5,1311407321.0,1311407321.0
idle-256-sequential,stopped,10,1.0,1.0,1.0,1.0,20261004.0,20261004.0,20261004.0,20261004.0,0.0,4.5,9.0,9.0,1.0,15.5,27.0,27.0,268435456.0,268435456.0,268435456.0,268435456.0,4096.0,4096.0,4096.0,4096.0,196608.0,196608.0,196608.0,196608.0,65536.0,65536.0,65536.0,65536.0,64.0,64.0,64.0,64.0,0.0,0.0,0.0,0.0,268730500.0,276082181.5,315007921.0,315007921.0,78424051.0,81097730.0,90843376.0,90843376.0,708675.0,723362.5,776034.0,776034.0,31627582.0,34515232.0,41498930.0,41498930.0,4368.0,4643.5,6001.0,6001.0,31627050.0,34514815.5,41498498.0,41498498.0,31622542.0,34510342.5,41492597.0,41492597.0,NA,NA,NA,NA,NA,NA,NA,NA,220.0,335.5,652.0,652.0,345537597.0,354836974.0,399987284.0,399987284.0,491535.6259175479,554081.4713725469,568991.6284276296,568991.6284276296,1503.0,1503.0,1503.0,1503.0,1553.0,1583.0,2845.0,2845.0,2535.0,2886.0,3898.0,3898.0,14067.0,190496.5,295279.0,295279.0,NA,NA,NA,NA,NA,NA,NA,NA,NA,NA,NA,NA,NA,NA,NA,NA,0.0,0.0,0.0,0.0,65536.0,65536.0,65536.0,65536.0,268435456.0,268435456.0,268435456.0,268435456.0,30914057.0,33497963.0,36437974.0,36437974.0,80090390.0,82372559.0,104857310.0,104857310.0,524887118.0,536515715.5,572888148.0,572888148.0,331.0,400.5,521.0,521.0,54775825.0,57971464.0,72169318.0,72169318.0,1395620169.0,1414104992.5,1540794722.0,1540794722.0,1378218000.0,1405948500.0,1525617000.0,1525617000.0,0.0,0.0,0.0,0.0,5.0,26.5,309.0,309.0,343758000.0,350523000.0,396743000.0,396743000.0,0.0,0.0,0.0,0.0,0.0,2.0,117.0,117.0,529116.0,529684.0,529932.0,529932.0,791260.0,791666.0,792076.0,792076.0,30.0,30.0,30.0,30.0,1399464792.0,1419792699.5,1544509907.0,1544509907.0
idle-256-sequential,wp,10,1.0,1.0,1.0,1.0,20261004.0,20261004.0,20261004.0,20261004.0,0.0,4.5,9.0,9.0,0.0,5.5,29.0,29.0,268435456.0,268435456.0,268435456.0,268435456.0,4096.0,4096.0,4096.0,4096.0,196608.0,196608.0,196608.0,196608.0,65536.0,65536.0,65536.0,65536.0,64.0,64.0,64.0,64.0,65536.0,65536.0,65536.0,65536.0,269879292.0,275784062.5,305593222.0,305593222.0,78972668.0,81445845.0,106859606.0,106859606.0,710388.0,732731.0,955710.0,955710.0,8246680.0,9092934.0,10313539.0,10313539.0,8231561.0,9076808.0,10294913.0,10294913.0,268565202.0,275938885.0,309230455.0,309230455.0,259879757.0,267037785.5,300385333.0,300385333.0,259800104.0,266952110.5,300229503.0,300229503.0,265399248.0,273583255.0,306379603.0,306379603.0,210.0,340.5,511.0,511.0,459756385.0,483003899.0,534578449.0,534578449.0,367781.3805771284,407053.9649222832,427635.1703087278,427635.1703087278,1503.0,1513.0,1854.0,1854.0,3818.0,4098.0,4699.0,4699.0,10461.0,10695.5,11041.0,11041.0,99832.0,480280.0,1041516.0,1041516.0,2845.0,2925.5,3536.0,3536.0,5801.0,8141.0,10200.0,10200.0,11152.0,11813.0,14718.0,14718.0,99832.0,480280.0,1041516.0,1041516.0,2.0,17.5,97.0,97.0,65439.0,65518.5,65534.0,65534.0,268435456.0,268435456.0,268435456.0,268435456.0,31195749.0,33605199.5,35182527.0,35182527.0,79522346.0,81603433.0,86907958.0,86907958.0,526928710.0,539424846.5,578268668.0,578268668.0,340.0,425.5,531.0,531.0,54404941.0,55617080.0,60493114.0,60493114.0,1513999586.0,1546487765.0,1676284208.0,1676284208.0,1733783000.0,1762113000.0,1914357000.0,1914357000.0,2524.0,2687.0,4063.0,4063.0,17.0,105.5,206.0,206.0,685721000.0,706341500.0,786073000.0,786073000.0,2524.0,2687.0,4063.0,4063.0,11.0,54.0,136.0,136.0,530212.0,530642.0,530960.0,530960.0,792428.0,792798.0,793104.0,793104.0,30.0,30.0,30.0,30.0,1520236836.0,1551069983.0,1684991694.0,1684991694.0
idle-256-sparse,none,10,1.0,1.0,1.0,1.0,20261004.0,20261004.0,20261004.0,20261004.0,0.0,4.5,9.0,9.0,7.0,18.5,28.0,28.0,268435456.0,268435456.0,268435456.0,268435456.0,4096.0,4096.0,4096.0,4096.0,196608.0,196608.0,196608.0,196608.0,65536.0,65536.0,65536.0,65536.0,64.0,64.0,64.0,64.0,NA,NA,NA,NA,263521510.0,269304831.0,286815154.0,286815154.0,78425614.0,78907337.0,81639532.0,81639532.0,710989.0,719295.0,726279.0,726279.0,NA,NA,NA,NA,NA,NA,NA,NA,NA,NA,NA,NA,NA,NA,NA,NA,NA,NA,NA,NA,NA,NA,NA,NA,NA,NA,NA,NA,19608137.0,19864190.0,20634563.0,20634563.0,9528091.290326817,9897621.88353052,10026857.727483237,10026857.727483237,50.0,50.0,50.0,50.0,80.0,115.5,120.0,120.0,281.0,300.0,301.0,301.0,6272.0,8106.0,24427.0,24427.0,NA,NA,NA,NA,NA,NA,NA,NA,NA,NA,NA,NA,NA,NA,NA,NA,NA,NA,NA,NA,NA,NA,NA,NA,NA,NA,NA,NA,NA,NA,NA,NA,NA,NA,NA,NA,295533220.0,299343512.5,309597132.0,309597132.0,NA,NA,NA,NA,49755698.0,54095044.5,67977145.0,67977145.0,716570739.0,726917327.0,741322300.0,741322300.0,713199000.0,721210500.0,737058000.0,737058000.0,0.0,0.0,0.0,0.0,3.0,9.5,49.0,49.0,19514000.0,19776000.0,20526000.0,20526000.0,0.0,0.0,0.0,0.0,0.0,0.0,1.0,1.0,529352.0,529784.0,529996.0,529996.0,791496.0,791928.0,792140.0,792140.0,30.0,30.0,30.0,30.0,724581315.0,729762861.5,745096618.0,745096618.0
idle-256-sparse,stopped,10,1.0,1.0,1.0,1.0,20261004.0,20261004.0,20261004.0,20261004.0,0.0,4.5,9.0,9.0,1.0,15.5,27.0,27.0,268435456.0,268435456.0,268435456.0,268435456.0,4096.0,4096.0,4096.0,4096.0,196608.0,196608.0,196608.0,196608.0,65536.0,65536.0,65536.0,65536.0,64.0,64.0,64.0,64.0,0.0,0.0,0.0,0.0,266500236.0,270065831.0,278252876.0,278252876.0,78400045.0,80356672.5,84212578.0,84212578.0,710618.0,719310.0,736999.0,736999.0,30531331.0,32276125.5,36037543.0,36037543.0,3727.0,3832.5,4188.0,4188.0,30530939.0,32275439.0,36037152.0,36037152.0,30527212.0,32271486.0,36032964.0,36032964.0,NA,NA,NA,NA,NA,NA,NA,NA,211.0,315.5,480.0,480.0,51400907.0,53159422.0,58516779.0,58516779.0,3359856.836959533,3698461.662912974,3824990.8702972885,3824990.8702972885,50.0,50.0,50.0,50.0,120.0,120.0,130.0,130.0,301.0,311.0,320.0,320.0,7094.0,11702.5,406122.0,406122.0,NA,NA,NA,NA,NA,NA,NA,NA,NA,NA,NA,NA,NA,NA,NA,NA,0.0,0.0,0.0,0.0,65536.0,65536.0,65536.0,65536.0,268435456.0,268435456.0,268435456.0,268435456.0,30022681.0,31569234.0,33411116.0,33411116.0,79315899.0,80341889.0,84641333.0,84641333.0,352748353.0,358350610.0,376693000.0,376693000.0,330.0,436.0,722.0,722.0,53226141.0,54837093.0,56785254.0,56785254.0,920493618.0,933538010.0,947136891.0,947136891.0,915510000.0,923936000.0,941418000.0,941418000.0,0.0,0.0,0.0,0.0,3.0,31.0,83.0,83.0,50299000.0,52640500.0,58141000.0,58141000.0,0.0,0.0,0.0,0.0,0.0,1.0,11.0,11.0,529372.0,529666.0,529948.0,529948.0,791516.0,791766.0,792092.0,792092.0,30.0,30.0,30.0,30.0,925892584.0,941045086.0,956324373.0,956324373.0
idle-256-sparse,wp,10,1.0,1.0,1.0,1.0,20261004.0,20261004.0,20261004.0,20261004.0,0.0,4.5,9.0,9.0,0.0,5.5,29.0,29.0,268435456.0,268435456.0,268435456.0,268435456.0,4096.0,4096.0,4096.0,4096.0,196608.0,196608.0,196608.0,196608.0,65536.0,65536.0,65536.0,65536.0,64.0,64.0,64.0,64.0,56781.0,56781.0,56781.0,56781.0,266466521.0,274017756.0,285648747.0,285648747.0,78815055.0,80620846.0,84917525.0,84917525.0,711971.0,724224.5,727771.0,727771.0,7776043.0,8243152.5,8830964.0,8830964.0,7764381.0,8231255.0,8814473.0,8814473.0,272812190.0,278631605.5,302908413.0,302908413.0,264827685.0,270425504.0,294278996.0,294278996.0,264782127.0,270383959.0,294228148.0,294228148.0,270189891.0,276083605.0,299702701.0,299702701.0,12315014.0,13741199.5,15030181.0,15030181.0,265537552.0,272263458.0,294976740.0,294976740.0,666520.3500452272,722126.0573146512,740415.050598945,740415.050598945,51.0,60.0,60.0,60.0,10961.0,11037.0,11342.0,11342.0,11592.0,13541.0,14368.0,14368.0,129268.0,500278.5,821993.0,821993.0,120.0,130.0,140.0,140.0,11362.0,12358.5,14237.0,14237.0,14298.0,15600.5,16352.0,16352.0,129268.0,500278.5,821993.0,821993.0,20025.0,20503.5,21050.0,21050.0,44486.0,45032.5,45511.0,45511.0,268435456.0,268435456.0,268435456.0,268435456.0,30317649.0,32433072.5,34576219.0,34576219.0,79618381.0,79901080.0,81198824.0,81198824.0,353587138.0,358406954.0,392800626.0,392800626.0,331.0,390.5,541.0,541.0,54026953.0,55268518.5,56295551.0,56295551.0,1147748433.0,1182349956.5,1195110042.0,1195110042.0,1256495000.0,1290351000.0,1315382000.0,1315382000.0,20029.0,20506.5,21054.0,21054.0,32.0,67.5,145.0,145.0,376932000.0,388644500.0,423338000.0,423338000.0,20028.0,20505.5,21053.0,21053.0,16.0,28.5,78.0,78.0,530268.0,530490.0,530664.0,530664.0,792284.0,792636.0,792784.0,792784.0,30.0,30.0,30.0,30.0,1157306819.0,1188424533.0,1198264205.0,1198264205.0
idle-64-clustered,none,10,1.0,1.0,1.0,1.0,20261004.0,20261004.0,20261004.0,20261004.0,0.0,4.5,9.0,9.0,7.0,18.5,28.0,28.0,67108864.0,67108864.0,67108864.0,67108864.0,4096.0,4096.0,4096.0,4096.0,49152.0,49152.0,49152.0,49152.0,16384.0,16384.0,16384.0,16384.0,64.0,64.0,64.0,64.0,NA,NA,NA,NA,68224982.0,72895966.5,76774455.0,76774455.0,20062011.0,21341069.0,22940423.0,22940423.0,687574.0,733167.0,1128964.0,1128964.0,NA,NA,NA,NA,NA,NA,NA,NA,NA,NA,NA,NA,NA,NA,NA,NA,NA,NA,NA,NA,NA,NA,NA,NA,NA,NA,NA,NA,3896142.0,4100826.5,5079962.0,5079962.0,9675662.928187257,11986944.30243773,12615556.619856257,12615556.619856257,30.0,30.0,30.0,30.0,50.0,50.0,51.0,51.0,51.0,80.0,201.0,201.0,521.0,6798.5,261123.0,261123.0,NA,NA,NA,NA,NA,NA,NA,NA,NA,NA,NA,NA,NA,NA,NA,NA,NA,NA,NA,NA,NA,NA,NA,NA,NA,NA,NA,NA,NA,NA,NA,NA,NA,NA,NA,NA,79259279.0,82343493.5,86344483.0,86344483.0,NA,NA,NA,NA,12123294.0,13902209.5,16193282.0,16193282.0,185529661.0,195876991.0,207366449.0,207366449.0,184431000.0,193664500.0,198471000.0,198471000.0,0.0,0.0,0.0,0.0,4.0,22.5,60.0,60.0,3883000.0,4093500.0,5039000.0,5039000.0,0.0,0.0,0.0,0.0,0.0,0.0,3.0,3.0,133780.0,134046.0,134216.0,134216.0,199180.0,199454.0,199752.0,199752.0,30.0,30.0,30.0,30.0,191687728.0,201729169.0,211628697.0,211628697.0
idle-64-clustered,stopped,10,1.0,1.0,1.0,1.0,20261004.0,20261004.0,20261004.0,20261004.0,0.0,4.5,9.0,9.0,1.0,15.5,27.0,27.0,67108864.0,67108864.0,67108864.0,67108864.0,4096.0,4096.0,4096.0,4096.0,49152.0,49152.0,49152.0,49152.0,16384.0,16384.0,16384.0,16384.0,64.0,64.0,64.0,64.0,0.0,0.0,0.0,0.0,67885759.0,71824338.0,73642654.0,73642654.0,20444557.0,21791040.5,27436120.0,27436120.0,686672.0,704101.0,1063628.0,1063628.0,7680098.0,8807694.5,10850884.0,10850884.0,1172.0,1263.0,1663.0,1663.0,7679908.0,8807409.5,10850454.0,10850454.0,7678586.0,8806127.0,10849091.0,10849091.0,NA,NA,NA,NA,NA,NA,NA,NA,131.0,261.0,541.0,541.0,11791475.0,13262994.5,16594013.0,16594013.0,2962032.1497879988,3706244.894040563,4168435.2466506525,4168435.2466506525,30.0,30.0,40.0,40.0,50.0,50.0,70.0,70.0,60.0,80.0,381.0,381.0,410.0,8376.0,45788.0,45788.0,NA,NA,NA,NA,NA,NA,NA,NA,NA,NA,NA,NA,NA,NA,NA,NA,0.0,0.0,0.0,0.0,16384.0,16384.0,16384.0,16384.0,67108864.0,67108864.0,67108864.0,67108864.0,7193983.0,7864699.0,9929880.0,9929880.0,20628792.0,21814385.0,26527831.0,26527831.0,93548855.0,95634441.0,117488673.0,117488673.0,321.0,390.0,832.0,832.0,12887166.0,14742252.5,15268691.0,15268691.0,241481099.0,247485005.5,280241396.0,280241396.0,240057000.0,245043000.0,276985000.0,276985000.0,0.0,0.0,0.0,0.0,3.0,23.0,39.0,39.0,11724000.0,13182500.0,16495000.0,16495000.0,0.0,0.0,0.0,0.0,0.0,0.0,5.0,5.0,133852.0,134142.0,134304.0,134304.0,199260.0,199584.0,199840.0,199840.0,30.0,30.0,30.0,30.0,242664117.0,252325516.0,284858696.0,284858696.0
idle-64-clustered,wp,10,1.0,1.0,1.0,1.0,20261004.0,20261004.0,20261004.0,20261004.0,0.0,4.5,9.0,9.0,0.0,5.5,29.0,29.0,67108864.0,67108864.0,67108864.0,67108864.0,4096.0,4096.0,4096.0,4096.0,49152.0,49152.0,49152.0,49152.0,16384.0,16384.0,16384.0,16384.0,64.0,64.0,64.0,64.0,164.0,164.0,164.0,164.0,67116217.0,70262665.5,77057860.0,77057860.0,19802842.0,20877476.5,25846319.0,25846319.0,681172.0,699652.0,742390.0,742390.0,1965144.0,2286117.0,3234388.0,3234388.0,1954464.0,2273127.0,3224008.0,3224008.0,52091736.0,56522974.0,58484586.0,58484586.0,49858887.0,53466198.0,56282476.0,56282476.0,49815303.0,53420154.5,56241217.0,56241217.0,51591328.0,55654704.5,56479995.0,56479995.0,45675872.0,49332523.0,51160724.0,51160724.0,7787776.0,8579110.0,8748907.0,8748907.0,5618073.206173068,5729321.791961157,6311429.604549489,6311429.604549489,30.0,30.0,30.0,30.0,50.0,60.0,70.0,70.0,290.0,611.5,892.0,892.0,16511.0,19577.5,52571.0,52571.0,41.0,50.0,60.0,60.0,11051.0,12559.0,15049.0,15049.0,12263.0,16036.0,32923.0,32923.0,14788.0,18610.5,52571.0,52571.0,45.0,51.5,53.0,53.0,16331.0,16332.5,16339.0,16339.0,67108864.0,67108864.0,67108864.0,67108864.0,7257766.0,8440408.0,11349995.0,11349995.0,20769303.0,21854427.0,32128346.0,32128346.0,93711939.0,97084263.0,113509812.0,113509812.0,381.0,396.0,541.0,541.0,11711802.0,13828818.5,18775795.0,18775795.0,284201741.0,289808778.0,327812387.0,327812387.0,285157000.0,290740000.0,322410000.0,322410000.0,48.0,55.0,57.0,57.0,8.0,24.0,38.0,38.0,10784000.0,11604500.0,12530000.0,12530000.0,47.0,54.0,56.0,56.0,0.0,1.5,4.0,4.0,134044.0,134236.0,134532.0,134532.0,199248.0,199732.0,200068.0,200068.0,30.0,30.0,30.0,30.0,292006921.0,292801766.0,334894855.0,334894855.0
idle-64-read-heavy,none,10,1.0,1.0,1.0,1.0,20261004.0,20261004.0,20261004.0,20261004.0,0.0,4.5,9.0,9.0,7.0,18.5,28.0,28.0,67108864.0,67108864.0,67108864.0,67108864.0,4096.0,4096.0,4096.0,4096.0,49152.0,49152.0,49152.0,49152.0,16384.0,16384.0,16384.0,16384.0,64.0,64.0,64.0,64.0,NA,NA,NA,NA,68820249.0,70792811.5,73440806.0,73440806.0,20493282.0,20888387.0,22397729.0,22397729.0,686723.0,703334.0,1114165.0,1114165.0,NA,NA,NA,NA,NA,NA,NA,NA,NA,NA,NA,NA,NA,NA,NA,NA,NA,NA,NA,NA,NA,NA,NA,NA,NA,NA,NA,NA,6613605.0,7252930.5,8857636.0,8857636.0,5549110.394692218,6783542.397340671,7431952.770085301,7431952.770085301,110.0,110.0,120.0,120.0,131.0,175.5,191.0,191.0,350.0,370.5,652.0,652.0,5651.0,29592.5,252116.0,252116.0,NA,NA,NA,NA,NA,NA,NA,NA,NA,NA,NA,NA,NA,NA,NA,NA,NA,NA,NA,NA,NA,NA,NA,NA,NA,NA,NA,NA,NA,NA,NA,NA,NA,NA,NA,NA,76663501.0,78933933.0,83000203.0,83000203.0,NA,NA,NA,NA,11202692.0,13802904.0,16503659.0,16503659.0,189262178.0,193529139.5,197367956.0,197367956.0,187310000.0,191596000.0,195370000.0,195370000.0,0.0,0.0,0.0,0.0,9.0,22.5,35.0,35.0,6567000.0,7180000.0,8548000.0,8548000.0,0.0,0.0,0.0,0.0,0.0,1.0,3.0,3.0,133640.0,134064.0,134360.0,134360.0,199176.0,199600.0,199900.0,199900.0,30.0,30.0,30.0,30.0,191365097.0,201464679.5,202097664.0,202097664.0
idle-64-read-heavy,stopped,10,1.0,1.0,1.0,1.0,20261004.0,20261004.0,20261004.0,20261004.0,0.0,4.5,9.0,9.0,1.0,15.5,27.0,27.0,67108864.0,67108864.0,67108864.0,67108864.0,4096.0,4096.0,4096.0,4096.0,49152.0,49152.0,49152.0,49152.0,16384.0,16384.0,16384.0,16384.0,64.0,64.0,64.0,64.0,0.0,0.0,0.0,0.0,68738821.0,70621311.5,75382785.0,75382785.0,20440159.0,21320930.0,23142803.0,23142803.0,683326.0,700444.0,762178.0,762178.0,7414687.0,8092468.0,10148181.0,10148181.0,1102.0,1268.0,13627.0,13627.0,7411983.0,8092197.0,10147720.0,10147720.0,7398356.0,8090934.5,10146297.0,10146297.0,NA,NA,NA,NA,NA,NA,NA,NA,280.0,296.0,491.0,491.0,15613555.0,16477673.5,18657597.0,18657597.0,2634422.857348671,2983153.8906486407,3148033.8718504533,3148033.8718504533,111.0,120.0,130.0,130.0,171.0,200.5,241.0,241.0,381.0,456.0,1373.0,1373.0,7875.0,33875.5,321569.0,321569.0,NA,NA,NA,NA,NA,NA,NA,NA,NA,NA,NA,NA,NA,NA,NA,NA,0.0,0.0,0.0,0.0,16384.0,16384.0,16384.0,16384.0,67108864.0,67108864.0,67108864.0,67108864.0,7225143.0,8178984.5,10287248.0,10287248.0,20774203.0,21303686.5,24789183.0,24789183.0,90588164.0,93162541.5,99598023.0,99598023.0,271.0,380.5,751.0,751.0,12308521.0,14148603.5,16341026.0,16341026.0,241849429.0,247461780.5,265611023.0,265611023.0,238951000.0,244988500.0,259316000.0,259316000.0,0.0,0.0,0.0,0.0,8.0,26.5,43.0,43.0,15466000.0,16348000.0,17207000.0,17207000.0,0.0,0.0,0.0,0.0,0.0,2.0,4.0,4.0,133848.0,134192.0,134364.0,134364.0,199256.0,199638.0,199900.0,199900.0,30.0,30.0,30.0,30.0,251800841.0,252089572.5,273641016.0,273641016.0
idle-64-read-heavy,wp,10,1.0,1.0,1.0,1.0,20261004.0,20261004.0,20261004.0,20261004.0,0.0,4.5,9.0,9.0,0.0,5.5,29.0,29.0,67108864.0,67108864.0,67108864.0,67108864.0,4096.0,4096.0,4096.0,4096.0,49152.0,49152.0,49152.0,49152.0,16384.0,16384.0,16384.0,16384.0,64.0,64.0,64.0,64.0,0.0,0.0,0.0,0.0,66364850.0,71764568.0,88903901.0,88903901.0,20427886.0,21510034.5,24507271.0,24507271.0,690470.0,709371.0,784441.0,784441.0,1862747.0,2288055.5,2444187.0,2444187.0,1853499.0,2276513.5,2430640.0,2430640.0,53816768.0,56300676.0,61070907.0,61070907.0,51849189.0,54096421.5,58768974.0,58768974.0,51800355.0,54048204.0,58722634.0,58722634.0,53037599.0,55505935.0,59928800.0,59928800.0,43630052.0,46510199.0,51312907.0,51312907.0,11707654.0,13343258.0,14819045.0,14819045.0,3316812.925529277,3691150.7450537942,4198279.177023851,4198279.177023851,121.0,130.0,140.0,140.0,260.0,381.0,471.0,471.0,992.0,1112.0,1322.0,1322.0,11091.0,38969.5,250953.0,250953.0,NA,NA,NA,NA,NA,NA,NA,NA,NA,NA,NA,NA,NA,NA,NA,NA,0.0,0.0,0.0,0.0,16384.0,16384.0,16384.0,16384.0,67108864.0,67108864.0,67108864.0,67108864.0,7039626.0,7877048.5,9840950.0,9840950.0,21154564.0,21807918.0,24434761.0,24434761.0,93518496.0,95279247.0,100963943.0,100963943.0,271.0,365.5,481.0,481.0,11378850.0,14972755.5,15819040.0,15819040.0,285841258.0,293043045.5,327794673.0,327794673.0,289626000.0,295915000.0,326065000.0,326065000.0,3.0,3.0,8.0,8.0,24.0,42.0,57.0,57.0,17876000.0,19751000.0,22760000.0,22760000.0,2.0,2.0,7.0,7.0,1.0,3.0,7.0,7.0,134088.0,134218.0,134528.0,134528.0,199564.0,199632.0,199936.0,199936.0,30.0,30.0,30.0,30.0,292208549.0,302390339.5,333675376.0,333675376.0
idle-64-sequential,none,10,1.0,1.0,1.0,1.0,20261004.0,20261004.0,20261004.0,20261004.0,0.0,4.5,9.0,9.0,7.0,18.5,28.0,28.0,67108864.0,67108864.0,67108864.0,67108864.0,4096.0,4096.0,4096.0,4096.0,49152.0,49152.0,49152.0,49152.0,16384.0,16384.0,16384.0,16384.0,64.0,64.0,64.0,64.0,NA,NA,NA,NA,68147643.0,71680646.5,95416501.0,95416501.0,20623051.0,22157636.0,25143736.0,25143736.0,689829.0,706179.5,769983.0,769983.0,NA,NA,NA,NA,NA,NA,NA,NA,NA,NA,NA,NA,NA,NA,NA,NA,NA,NA,NA,NA,NA,NA,NA,NA,NA,NA,NA,NA,80384466.0,82474460.5,89388825.0,89388825.0,549867.3911420135,595998.7826734738,611461.4234048653,611461.4234048653,1503.0,1503.0,1503.0,1503.0,1563.0,2294.5,2815.0,2815.0,3136.0,4022.0,4378.0,4378.0,20049.0,248769.5,329675.0,329675.0,NA,NA,NA,NA,NA,NA,NA,NA,NA,NA,NA,NA,NA,NA,NA,NA,NA,NA,NA,NA,NA,NA,NA,NA,NA,NA,NA,NA,NA,NA,NA,NA,NA,NA,NA,NA,121390005.0,122764080.5,128769816.0,128769816.0,NA,NA,NA,NA,13808459.0,14996943.5,18983684.0,18983684.0,308910029.0,317637609.5,344919308.0,344919308.0,306926000.0,314727000.0,340907000.0,340907000.0,0.0,0.0,0.0,0.0,1.0,14.5,25.0,25.0,79973000.0,81822500.0,88771000.0,88771000.0,0.0,0.0,0.0,0.0,0.0,1.0,13.0,13.0,133960.0,134110.0,134368.0,134368.0,199380.0,199646.0,199904.0,199904.0,30.0,30.0,30.0,30.0,312552092.0,322624602.0,346896034.0,346896034.0
idle-64-sequential,stopped,10,1.0,1.0,1.0,1.0,20261004.0,20261004.0,20261004.0,20261004.0,0.0,4.5,9.0,9.0,1.0,15.5,27.0,27.0,67108864.0,67108864.0,67108864.0,67108864.0,4096.0,4096.0,4096.0,4096.0,49152.0,49152.0,49152.0,49152.0,16384.0,16384.0,16384.0,16384.0,64.0,64.0,64.0,64.0,0.0,0.0,0.0,0.0,69132980.0,73402051.0,78039551.0,78039551.0,20262096.0,21682897.0,23113115.0,23113115.0,679919.0,708068.5,1636962.0,1636962.0,7853743.0,8908168.5,9976640.0,9976640.0,1323.0,1758.0,27152.0,27152.0,7853362.0,8907677.0,9975879.0,9975879.0,7851699.0,8905969.0,9974096.0,9974096.0,NA,NA,NA,NA,NA,NA,NA,NA,261.0,365.5,5260.0,5260.0,88029127.0,91647037.5,95474172.0,95474172.0,514819.86143854697,536325.4658489891,558360.6435174575,558360.6435174575,1503.0,1503.0,1503.0,1503.0,1693.0,2604.5,2865.0,2865.0,2976.0,3732.0,4198.0,4198.0,15530.0,250958.5,762408.0,762408.0,NA,NA,NA,NA,NA,NA,NA,NA,NA,NA,NA,NA,NA,NA,NA,NA,0.0,0.0,0.0,0.0,16384.0,16384.0,16384.0,16384.0,67108864.0,67108864.0,67108864.0,67108864.0,7419978.0,8583288.0,9694187.0,9694187.0,20640395.0,21382408.0,23007342.0,23007342.0,134794136.0,138690849.5,146651728.0,146651728.0,330.0,381.0,791.0,791.0,13260995.0,14643036.0,16689066.0,16689066.0,360177568.0,373204612.5,380408534.0,380408534.0,357948000.0,368757000.0,374835000.0,374835000.0,0.0,0.0,0.0,0.0,1.0,20.5,47.0,47.0,87524000.0,91072500.0,93767000.0,93767000.0,0.0,0.0,0.0,0.0,0.0,2.5,16.0,16.0,133716.0,133982.0,134360.0,134360.0,199252.0,199448.0,199896.0,199896.0,30.0,30.0,30.0,30.0,363789293.0,383190406.0,384023746.0,384023746.0
idle-64-sequential,wp,10,1.0,1.0,1.0,1.0,20261004.0,20261004.0,20261004.0,20261004.0,0.0,4.5,9.0,9.0,0.0,5.5,29.0,29.0,67108864.0,67108864.0,67108864.0,67108864.0,4096.0,4096.0,4096.0,4096.0,49152.0,49152.0,49152.0,49152.0,16384.0,16384.0,16384.0,16384.0,64.0,64.0,64.0,64.0,16384.0,16384.0,16384.0,16384.0,69968369.0,71993574.5,76765448.0,76765448.0,20409400.0,21337156.5,22515144.0,22515144.0,683977.0,697007.0,753030.0,753030.0,2051861.0,2416257.5,3162299.0,3162299.0,2035860.0,2403688.5,3151678.0,3151678.0,70130321.0,72207982.0,74466230.0,74466230.0,67758033.0,69729744.5,72143378.0,72143378.0,67581333.0,69623450.0,72096808.0,72096808.0,69272838.0,70692509.0,73086449.0,73086449.0,210.0,250.5,401.0,401.0,120698914.0,123201508.5,125495421.0,125495421.0,391663.6926537742,398956.15623600915,407228.1876537845,407228.1876537845,1503.0,1513.0,1523.0,1523.0,3857.0,4273.5,4469.0,4469.0,10640.0,11021.0,11112.0,11112.0,223801.0,319846.0,593803.0,593803.0,2835.0,2850.5,2875.0,2875.0,7044.0,10440.0,10681.0,10681.0,12394.0,13371.0,14347.0,14347.0,223801.0,312361.5,593803.0,593803.0,9.0,13.5,22.0,22.0,16362.0,16370.5,16375.0,16375.0,67108864.0,67108864.0,67108864.0,67108864.0,7467900.0,8503233.5,9924831.0,9924831.0,20675051.0,21143533.0,24580893.0,24580893.0,134931481.0,137706694.5,141613036.0,141613036.0,331.0,375.5,501.0,501.0,13169319.0,15075238.5,15613796.0,15613796.0,392723508.0,401173414.0,407907836.0,407907836.0,449698000.0,457208500.0,464048000.0,464048000.0,624.0,1024.5,1233.0,1233.0,16.0,26.0,43.0,43.0,178533000.0,180845500.0,184846000.0,184846000.0,624.0,1024.5,1233.0,1233.0,10.0,18.0,33.0,33.0,134088.0,134522.0,134640.0,134640.0,199624.0,200032.0,200176.0,200176.0,30.0,30.0,30.0,30.0,403310284.0,403781185.0,413919723.0,413919723.0
idle-64-sparse,none,10,1.0,1.0,1.0,1.0,20261004.0,20261004.0,20261004.0,20261004.0,0.0,4.5,9.0,9.0,7.0,18.5,28.0,28.0,67108864.0,67108864.0,67108864.0,67108864.0,4096.0,4096.0,4096.0,4096.0,49152.0,49152.0,49152.0,49152.0,16384.0,16384.0,16384.0,16384.0,64.0,64.0,64.0,64.0,NA,NA,NA,NA,68625694.0,70928738.5,73388044.0,73388044.0,20458024.0,20958096.5,21703793.0,21703793.0,681432.0,705995.0,1201123.0,1201123.0,NA,NA,NA,NA,NA,NA,NA,NA,NA,NA,NA,NA,NA,NA,NA,NA,NA,NA,NA,NA,NA,NA,NA,NA,NA,NA,NA,NA,4757972.0,5618344.0,6246067.0,6246067.0,7869271.975468723,8749077.023121428,10330451.713461112,10330451.713461112,50.0,50.0,50.0,50.0,90.0,105.0,130.0,130.0,201.0,325.5,401.0,401.0,6082.0,14503.0,279699.0,279699.0,NA,NA,NA,NA,NA,NA,NA,NA,NA,NA,NA,NA,NA,NA,NA,NA,NA,NA,NA,NA,NA,NA,NA,NA,NA,NA,NA,NA,NA,NA,NA,NA,NA,NA,NA,NA,77762107.0,80665587.5,83594768.0,83594768.0,NA,NA,NA,NA,12116932.0,13549561.0,15364276.0,15364276.0,189240356.0,192838514.5,198974690.0,198974690.0,187657000.0,190024000.0,197329000.0,197329000.0,0.0,0.0,0.0,0.0,0.0,18.5,26.0,26.0,4739000.0,5581000.0,6213000.0,6213000.0,0.0,0.0,0.0,0.0,0.0,0.0,2.0,2.0,133904.0,134164.0,134360.0,134360.0,199440.0,199640.0,199896.0,199896.0,30.0,30.0,30.0,30.0,191402349.0,201622614.0,202461965.0,202461965.0
idle-64-sparse,stopped,10,1.0,1.0,1.0,1.0,20261004.0,20261004.0,20261004.0,20261004.0,0.0,4.5,9.0,9.0,1.0,15.5,27.0,27.0,67108864.0,67108864.0,67108864.0,67108864.0,4096.0,4096.0,4096.0,4096.0,49152.0,49152.0,49152.0,49152.0,16384.0,16384.0,16384.0,16384.0,64.0,64.0,64.0,64.0,0.0,0.0,0.0,0.0,70585167.0,71708515.0,76264933.0,76264933.0,20345106.0,21170916.0,24702176.0,24702176.0,683365.0,702873.5,904622.0,904622.0,7456108.0,8633404.5,9351607.0,9351607.0,1063.0,1262.0,1492.0,1492.0,7455866.0,8632136.5,9351177.0,9351177.0,7454444.0,8630879.0,9349935.0,9349935.0,NA,NA,NA,NA,NA,NA,NA,NA,210.0,245.0,330.0,330.0,12216725.0,13745061.5,15968819.0,15968819.0,3077998.4418384354,3575975.334749396,4023336.859919496,4023336.859919496,50.0,50.0,50.0,50.0,71.0,100.0,121.0,121.0,190.0,260.0,421.0,421.0,5701.0,8166.0,18125.0,18125.0,NA,NA,NA,NA,NA,NA,NA,NA,NA,NA,NA,NA,NA,NA,NA,NA,0.0,0.0,0.0,0.0,16384.0,16384.0,16384.0,16384.0,67108864.0,67108864.0,67108864.0,67108864.0,7162602.0,7726437.5,9167273.0,9167273.0,20500916.0,21763377.0,23576939.0,23576939.0,93795520.0,98677560.5,101984539.0,101984539.0,291.0,371.0,8777.0,8777.0,11604656.0,14132749.0,15327945.0,15327945.0,242860245.0,249878609.5,259712625.0,259712625.0,241380000.0,247556000.0,256862000.0,256862000.0,0.0,0.0,0.0,0.0,1.0,27.0,53.0,53.0,12147000.0,13625500.0,15869000.0,15869000.0,0.0,0.0,0.0,0.0,0.0,1.0,4.0,4.0,133716.0,134092.0,134304.0,134304.0,199252.0,199502.0,199768.0,199768.0,30.0,30.0,30.0,30.0,251884271.0,257240390.0,263041316.0,263041316.0
idle-64-sparse,wp,10,1.0,1.0,1.0,1.0,20261004.0,20261004.0,20261004.0,20261004.0,0.0,4.5,9.0,9.0,0.0,5.5,29.0,29.0,67108864.0,67108864.0,67108864.0,67108864.0,4096.0,4096.0,4096.0,4096.0,49152.0,49152.0,49152.0,49152.0,16384.0,16384.0,16384.0,16384.0,64.0,64.0,64.0,64.0,14217.0,14217.0,14217.0,14217.0,69888475.0,71567147.5,78206913.0,78206913.0,20311150.0,21348608.5,28153662.0,28153662.0,690119.0,697092.0,1039873.0,1039873.0,1941278.0,2574913.0,4177043.0,4177043.0,1931830.0,2561632.5,4161944.0,4161944.0,71292008.0,75398225.0,83288979.0,83288979.0,69360178.0,72340922.5,79127035.0,79127035.0,69307206.0,72301722.0,78899346.0,78899346.0,70453683.0,74036551.5,81012672.0,81012672.0,2793209.0,3267065.5,4135884.0,4135884.0,70281462.0,74323941.0,82882887.0,82882887.0,593029.5357592937,661488.1763694723,699359.3844134887,699359.3844134887,50.0,50.0,60.0,60.0,10871.0,11036.5,13686.0,13686.0,13105.0,14347.5,16682.0,16682.0,284388.0,551677.0,2831272.0,2831272.0,70.0,75.5,81.0,81.0,12003.0,13621.0,15049.0,15049.0,17083.0,18085.0,34256.0,34256.0,284388.0,551677.0,2831272.0,2831272.0,3249.0,5128.5,5215.0,5215.0,11169.0,11255.5,13135.0,13135.0,67108864.0,67108864.0,67108864.0,67108864.0,7091636.0,8314144.5,12271740.0,12271740.0,20277556.0,21501127.0,22174388.0,22174388.0,93352087.0,96341372.5,102419657.0,102419657.0,301.0,351.0,531.0,531.0,10890671.0,14134567.0,15693679.0,15693679.0,307948578.0,310572304.5,331186274.0,331186274.0,333524000.0,336921000.0,353230000.0,353230000.0,3252.0,5131.5,5218.0,5218.0,20.0,36.5,61.0,61.0,97147000.0,103324500.0,107579000.0,107579000.0,3251.0,5130.5,5217.0,5217.0,2.0,13.0,28.0,28.0,134104.0,134260.0,134652.0,134652.0,199540.0,199670.0,200060.0,200060.0,30.0,30.0,30.0,30.0,312141020.0,317539596.0,335303842.0,335303842.0
pinned-idle-64-sequential,none,10,1.0,1.0,1.0,1.0,20261004.0,20261004.0,20261004.0,20261004.0,0.0,4.5,9.0,9.0,7.0,18.5,28.0,28.0,67108864.0,67108864.0,67108864.0,67108864.0,4096.0,4096.0,4096.0,4096.0,49152.0,49152.0,49152.0,49152.0,16384.0,16384.0,16384.0,16384.0,64.0,64.0,64.0,64.0,NA,NA,NA,NA,65627511.0,67054152.5,72350186.0,72350186.0,19807030.0,20165991.5,22914604.0,22914604.0,687203.0,697077.5,946282.0,946282.0,NA,NA,NA,NA,NA,NA,NA,NA,NA,NA,NA,NA,NA,NA,NA,NA,NA,NA,NA,NA,NA,NA,NA,NA,NA,NA,NA,NA,77938637.0,78577987.5,94827227.0,94827227.0,518332.14526034804,625518.7261473762,630649.9817285745,630649.9817285745,1503.0,1503.0,1503.0,1503.0,1543.0,1573.0,2876.0,2876.0,2315.0,2685.0,4148.0,4148.0,34186.0,105583.0,521624.0,521624.0,NA,NA,NA,NA,NA,NA,NA,NA,NA,NA,NA,NA,NA,NA,NA,NA,NA,NA,NA,NA,NA,NA,NA,NA,NA,NA,NA,NA,NA,NA,NA,NA,NA,NA,NA,NA,117090005.0,119072498.0,149505444.0,149505444.0,NA,NA,NA,NA,13341731.0,14097130.5,15034701.0,15034701.0,295332545.0,299589235.5,352113020.0,352113020.0,293201000.0,296263500.0,347256000.0,347256000.0,0.0,0.0,0.0,0.0,16.0,59.0,196.0,196.0,77316000.0,77799500.0,91214000.0,91214000.0,0.0,0.0,0.0,0.0,4.0,19.0,92.0,92.0,134228.0,134254.0,134352.0,134352.0,199708.0,199766.0,199836.0,199836.0,30.0,30.0,30.0,30.0,302160863.0,302456963.0,356376209.0,356376209.0
pinned-idle-64-sequential,stopped,10,1.0,1.0,1.0,1.0,20261004.0,20261004.0,20261004.0,20261004.0,0.0,4.5,9.0,9.0,1.0,15.5,27.0,27.0,67108864.0,67108864.0,67108864.0,67108864.0,4096.0,4096.0,4096.0,4096.0,49152.0,49152.0,49152.0,49152.0,16384.0,16384.0,16384.0,16384.0,64.0,64.0,64.0,64.0,0.0,0.0,0.0,0.0,65880638.0,66723746.5,73522844.0,73522844.0,19791661.0,20199019.5,23217958.0,23217958.0,688746.0,698284.5,729806.0,729806.0,7457249.0,8126268.0,10705083.0,10705083.0,1403.0,1523.0,1994.0,1994.0,7456498.0,8125807.5,10703811.0,10703811.0,7455095.0,8124189.0,10701918.0,10701918.0,NA,NA,NA,NA,NA,NA,NA,NA,261.0,366.0,782.0,782.0,85125796.0,87917090.5,105469800.0,105469800.0,466029.1381988019,559072.6129067239,577404.2923487023,577404.2923487023,1503.0,1503.0,1503.0,1503.0,1543.0,1573.0,2896.0,2896.0,1883.0,2760.5,4589.0,4589.0,41179.0,127590.5,388168.0,388168.0,NA,NA,NA,NA,NA,NA,NA,NA,NA,NA,NA,NA,NA,NA,NA,NA,0.0,0.0,0.0,0.0,16384.0,16384.0,16384.0,16384.0,67108864.0,67108864.0,67108864.0,67108864.0,7658086.0,7930827.0,9467039.0,9467039.0,20021744.0,20429643.5,22554932.0,22554932.0,132161506.0,133882290.0,150760861.0,150760861.0,271.0,356.0,461.0,461.0,11827384.0,13507589.5,14264928.0,14264928.0,345563397.0,351348016.5,399685945.0,399685945.0,342098000.0,346453000.0,389061000.0,389061000.0,0.0,0.0,24.0,24.0,17.0,64.5,91.0,91.0,84602000.0,86848500.0,103708000.0,103708000.0,0.0,0.0,4.0,4.0,4.0,15.5,26.0,26.0,134228.0,134304.0,134368.0,134368.0,199764.0,199840.0,199904.0,199904.0,30.0,30.0,30.0,30.0,352531015.0,357627993.5,404758802.0,404758802.0
pinned-idle-64-sequential,wp,10,1.0,1.0,1.0,1.0,20261004.0,20261004.0,20261004.0,20261004.0,0.0,4.5,9.0,9.0,0.0,5.5,29.0,29.0,67108864.0,67108864.0,67108864.0,67108864.0,4096.0,4096.0,4096.0,4096.0,49152.0,49152.0,49152.0,49152.0,16384.0,16384.0,16384.0,16384.0,64.0,64.0,64.0,64.0,16128.0,16384.0,16384.0,16384.0,65866551.0,70428410.0,86209924.0,86209924.0,20071870.0,21039082.5,26907773.0,26907773.0,689137.0,704942.0,1032318.0,1032318.0,2208222.0,2282374.5,3036497.0,3036497.0,2196590.0,2269931.0,3025185.0,3025185.0,77367918.0,80151377.5,86086857.0,86086857.0,75157823.0,77652365.5,83760297.0,83760297.0,74979479.0,77547428.0,83632290.0,83632290.0,75720063.0,77706936.0,80784999.0,80784999.0,250.0,296.0,561.0,561.0,128366679.0,133346749.0,149140120.0,149140120.0,329569.2668076169,368604.4506815586,382903.1052521036,382903.1052521036,1503.0,1503.0,2505.0,2505.0,4428.0,4449.0,4479.0,4479.0,5440.0,5485.5,5700.0,5700.0,80065.0,305719.0,896597.0,896597.0,4329.0,4353.0,4368.0,4368.0,5381.0,5405.5,5430.0,5430.0,5631.0,7700.0,10600.0,10600.0,80065.0,305719.0,896597.0,896597.0,0.0,1.0,5.0,5.0,16379.0,16383.0,16384.0,16384.0,67108864.0,67108864.0,67108864.0,67108864.0,7560358.0,8200019.5,9133478.0,9133478.0,20063524.0,20776376.5,24850662.0,24850662.0,132335411.0,135630411.5,145050075.0,145050075.0,341.0,375.5,481.0,481.0,13181933.0,13893037.5,16509130.0,16509130.0,390992946.0,404659792.0,441140419.0,441140419.0,455467000.0,470246500.0,506625000.0,506625000.0,2.0,3.0,12.0,12.0,47.0,116.5,291.0,291.0,196138000.0,201884500.0,218858000.0,218858000.0,2.0,3.0,12.0,12.0,31.0,47.5,104.0,104.0,134600.0,134752.0,134876.0,134876.0,200136.0,200288.0,200412.0,200412.0,30.0,30.0,30.0,30.0,393272675.0,410274644.0,446653414.0,446653414.0
pinned-idle-64-sparse,none,10,1.0,1.0,1.0,1.0,20261004.0,20261004.0,20261004.0,20261004.0,0.0,4.5,9.0,9.0,7.0,18.5,28.0,28.0,67108864.0,67108864.0,67108864.0,67108864.0,4096.0,4096.0,4096.0,4096.0,49152.0,49152.0,49152.0,49152.0,16384.0,16384.0,16384.0,16384.0,64.0,64.0,64.0,64.0,NA,NA,NA,NA,67824892.0,68821210.0,70379220.0,70379220.0,20341669.0,20631237.0,22219345.0,22219345.0,683807.0,693625.0,712281.0,712281.0,NA,NA,NA,NA,NA,NA,NA,NA,NA,NA,NA,NA,NA,NA,NA,NA,NA,NA,NA,NA,NA,NA,NA,NA,NA,NA,NA,NA,4701433.0,4758378.0,5963122.0,5963122.0,8242662.149122557,10329577.232416173,10454684.77377004,10454684.77377004,50.0,50.0,50.0,50.0,80.0,90.0,120.0,120.0,250.0,275.0,471.0,471.0,5771.0,6793.0,243910.0,243910.0,NA,NA,NA,NA,NA,NA,NA,NA,NA,NA,NA,NA,NA,NA,NA,NA,NA,NA,NA,NA,NA,NA,NA,NA,NA,NA,NA,NA,NA,NA,NA,NA,NA,NA,NA,NA,79387316.0,80534310.0,82616283.0,82616283.0,NA,NA,NA,NA,12973702.0,13649323.0,13901458.0,13901458.0,187507710.0,189806316.0,194748553.0,194748553.0,185789000.0,187852000.0,191553000.0,191553000.0,0.0,0.0,0.0,0.0,0.0,1.0,47.0,47.0,4684000.0,4732500.0,5852000.0,5852000.0,0.0,0.0,0.0,0.0,0.0,0.0,2.0,2.0,134216.0,134320.0,134432.0,134432.0,199752.0,199856.0,199968.0,199968.0,30.0,30.0,30.0,30.0,191402779.0,191837502.5,201946643.0,201946643.0
pinned-idle-64-sparse,stopped,10,1.0,1.0,1.0,1.0,20261004.0,20261004.0,20261004.0,20261004.0,0.0,4.5,9.0,9.0,1.0,15.5,27.0,27.0,67108864.0,67108864.0,67108864.0,67108864.0,4096.0,4096.0,4096.0,4096.0,49152.0,49152.0,49152.0,49152.0,16384.0,16384.0,16384.0,16384.0,64.0,64.0,64.0,64.0,0.0,0.0,0.0,0.0,67792079.0,68989093.5,70923358.0,70923358.0,20226137.0,20561733.5,21645871.0,21645871.0,689227.0,699327.0,1187617.0,1187617.0,7647115.0,8196593.5,9433044.0,9433044.0,1042.0,1277.5,1593.0,1593.0,7646744.0,8196412.5,9432683.0,9432683.0,7645421.0,8195205.5,9431090.0,9431090.0,NA,NA,NA,NA,NA,NA,NA,NA,221.0,311.0,692.0,692.0,12611835.0,13468354.5,14288013.0,14288013.0,3440086.455688415,3649970.951662062,3897291.7105242815,3897291.7105242815,50.0,50.0,50.0,50.0,80.0,105.0,120.0,120.0,250.0,275.0,390.0,390.0,6101.0,8211.0,11803.0,11803.0,NA,NA,NA,NA,NA,NA,NA,NA,NA,NA,NA,NA,NA,NA,NA,NA,0.0,0.0,0.0,0.0,16384.0,16384.0,16384.0,16384.0,67108864.0,67108864.0,67108864.0,67108864.0,7159787.0,7746141.0,8668772.0,8668772.0,20542987.0,20936304.0,21551849.0,21551849.0,94527609.0,95471843.0,98113234.0,98113234.0,290.0,396.0,671.0,671.0,12707358.0,13854688.0,14618439.0,14618439.0,240638036.0,242373518.0,247116742.0,247116742.0,239319000.0,240791000.0,244216000.0,244216000.0,0.0,0.0,0.0,0.0,0.0,2.0,56.0,56.0,12547000.0,13396000.0,14014000.0,14014000.0,0.0,0.0,0.0,0.0,0.0,0.0,4.0,4.0,134216.0,134300.0,134368.0,134368.0,199752.0,199830.0,199904.0,199904.0,30.0,30.0,30.0,30.0,241920976.0,252042756.5,253113158.0,253113158.0
pinned-idle-64-sparse,wp,10,1.0,1.0,1.0,1.0,20261004.0,20261004.0,20261004.0,20261004.0,0.0,4.5,9.0,9.0,0.0,5.5,29.0,29.0,67108864.0,67108864.0,67108864.0,67108864.0,4096.0,4096.0,4096.0,4096.0,49152.0,49152.0,49152.0,49152.0,16384.0,16384.0,16384.0,16384.0,64.0,64.0,64.0,64.0,14217.0,14217.0,14217.0,14217.0,68003947.0,68850561.5,72478222.0,72478222.0,20319768.0,20889023.0,23060083.0,23060083.0,686692.0,695820.5,916385.0,916385.0,2176000.0,2223396.0,3118726.0,3118726.0,2164418.0,2210642.0,3106713.0,3106713.0,86949858.0,87899286.5,89612906.0,89612906.0,84737017.0,85477973.5,87252240.0,87252240.0,84694565.0,85434460.5,87211462.0,87211462.0,86088134.0,86987589.0,87984895.0,87984895.0,3404515.0,3604641.0,4531555.0,4531555.0,85599398.0,85871071.0,87969702.0,87969702.0,558737.8254390359,572393.3256597699,574209.6457267142,574209.6457267142,51.0,60.0,60.0,60.0,13597.0,13651.5,13697.0,13697.0,14268.0,14357.5,14438.0,14438.0,223230.0,269048.0,859365.0,859365.0,71.0,80.0,130.0,130.0,14148.0,14222.5,14268.0,14268.0,17684.0,18966.5,19998.0,19998.0,121984.0,269048.0,859365.0,859365.0,4568.0,5247.5,5266.0,5266.0,11118.0,11136.5,11816.0,11816.0,67108864.0,67108864.0,67108864.0,67108864.0,7496596.0,8568289.0,9071918.0,9071918.0,20593604.0,21475562.5,23858932.0,23858932.0,94370147.0,96452531.5,112855421.0,112855421.0,281.0,351.0,441.0,441.0,12480873.0,14095998.0,15612874.0,15612874.0,317742497.0,322603015.5,341756867.0,341756867.0,355326000.0,358683000.0,374952000.0,374952000.0,4571.0,5250.5,5269.0,5269.0,0.0,26.0,73.0,73.0,119791000.0,124468500.0,126840000.0,126840000.0,4570.0,5249.5,5268.0,5268.0,0.0,9.0,26.0,26.0,134612.0,134808.0,134908.0,134908.0,200148.0,200340.0,200444.0,200444.0,30.0,30.0,30.0,30.0,322481792.0,328038251.5,346108497.0,346108497.0
contention-64-sequential,none,10,1.0,1.0,1.0,1.0,20261004.0,20261004.0,20261004.0,20261004.0,0.0,4.5,9.0,9.0,7.0,18.5,28.0,28.0,67108864.0,67108864.0,67108864.0,67108864.0,4096.0,4096.0,4096.0,4096.0,49152.0,49152.0,49152.0,49152.0,16384.0,16384.0,16384.0,16384.0,64.0,64.0,64.0,64.0,NA,NA,NA,NA,176253900.0,182307752.0,203693557.0,203693557.0,76967617.0,79378373.5,88849556.0,88849556.0,822744.0,1980608.5,4343533.0,4343533.0,NA,NA,NA,NA,NA,NA,NA,NA,NA,NA,NA,NA,NA,NA,NA,NA,NA,NA,NA,NA,NA,NA,NA,NA,NA,NA,NA,NA,290629167.0,293945007.5,303039765.0,303039765.0,162196.53549427746,167214.9597940629,169122.73639761694,169122.73639761694,2886.0,2896.0,2906.0,2906.0,2935.0,2945.0,2946.0,2946.0,2986.0,3006.0,3046.0,3046.0,2893541.0,4132152.0,4959900.0,4959900.0,NA,NA,NA,NA,NA,NA,NA,NA,NA,NA,NA,NA,NA,NA,NA,NA,NA,NA,NA,NA,NA,NA,NA,NA,NA,NA,NA,NA,NA,NA,NA,NA,NA,NA,NA,NA,327225116.0,331600446.5,384105934.0,384105934.0,NA,NA,NA,NA,31719098.0,38427194.0,53463828.0,53463828.0,915201717.0,928255328.5,1025856632.0,1025856632.0,455018000.0,460554500.0,469052000.0,469052000.0,0.0,0.0,0.0,0.0,196.0,208.0,407.0,407.0,145248000.0,146411000.0,146670000.0,146670000.0,0.0,0.0,0.0,0.0,60.0,67.0,90.0,90.0,134108.0,134288.0,134368.0,134368.0,199644.0,199824.0,199904.0,199904.0,30.0,30.0,30.0,30.0,918523895.0,936271048.0,1040046215.0,1040046215.0
contention-64-sequential,stopped,10,1.0,1.0,1.0,1.0,20261004.0,20261004.0,20261004.0,20261004.0,0.0,4.5,9.0,9.0,1.0,15.5,27.0,27.0,67108864.0,67108864.0,67108864.0,67108864.0,4096.0,4096.0,4096.0,4096.0,49152.0,49152.0,49152.0,49152.0,16384.0,16384.0,16384.0,16384.0,64.0,64.0,64.0,64.0,0.0,0.0,0.0,0.0,175142791.0,182498434.0,218649184.0,218649184.0,77136192.0,79257451.5,83070929.0,83070929.0,822824.0,1803994.0,5469863.0,5469863.0,11431091.0,17688250.0,20420271.0,20420271.0,1072.0,1347.5,24276.0,24276.0,11430430.0,17687478.5,20419689.0,20419689.0,11429077.0,17686036.0,20418347.0,20418347.0,NA,NA,NA,NA,NA,NA,NA,NA,290.0,386.0,621.0,621.0,309109843.0,313570543.0,365297647.0,365297647.0,134553.2893618666,156751.3414644725,159011.43594447104,159011.43594447104,2895.0,2900.5,2906.0,2906.0,2935.0,2945.0,2955.0,2955.0,2976.0,3011.0,7695.0,7695.0,3607997.0,4486378.5,5244739.0,5244739.0,NA,NA,NA,NA,NA,NA,NA,NA,NA,NA,NA,NA,NA,NA,NA,NA,0.0,0.0,0.0,0.0,16384.0,16384.0,16384.0,16384.0,67108864.0,67108864.0,67108864.0,67108864.0,13120815.0,17467249.5,22515635.0,22515635.0,70446821.0,73579773.0,83613524.0,83613524.0,356733937.0,371150472.0,413379322.0,413379322.0,391.0,451.0,651.0,651.0,33373824.0,36587046.0,47133479.0,47133479.0,1053049554.0,1082751127.0,1221397871.0,1221397871.0,522727000.0,529171500.0,551459000.0,551459000.0,0.0,0.0,0.0,0.0,230.0,262.5,561.0,561.0,154029000.0,154777500.0,161502000.0,161502000.0,0.0,0.0,0.0,0.0,67.0,79.0,225.0,225.0,134100.0,134290.0,134364.0,134364.0,199640.0,199836.0,199904.0,199904.0,30.0,30.0,30.0,30.0,1058048920.0,1093287314.5,1229033163.0,1229033163.0
contention-64-sequential,wp,10,1.0,1.0,1.0,1.0,20261004.0,20261004.0,20261004.0,20261004.0,0.0,4.5,9.0,9.0,0.0,5.5,29.0,29.0,67108864.0,67108864.0,67108864.0,67108864.0,4096.0,4096.0,4096.0,4096.0,49152.0,49152.0,49152.0,49152.0,16384.0,16384.0,16384.0,16384.0,64.0,64.0,64.0,64.0,16384.0,16384.0,16384.0,16384.0,180783983.0,185610246.5,193987868.0,193987868.0,75896174.0,81855718.5,84277503.0,84277503.0,821982.0,835769.0,3651712.0,3651712.0,4404140.0,5826449.5,8835444.0,8835444.0,4395163.0,5815618.0,8823299.0,8823299.0,139241309.0,146734322.5,151302965.0,151302965.0,134346875.0,139604133.0,145461918.0,145461918.0,134297520.0,138572647.0,144964460.0,144964460.0,67940519.0,70738021.5,74971211.0,74971211.0,241.0,325.5,561.0,561.0,330455296.0,339459454.0,354443026.0,354443026.0,138673.90918844036,144794.99794818,148740.23989011813,148740.23989011813,2906.0,2910.5,2925.0,2925.0,4358.0,4383.5,4429.0,4429.0,5381.0,5446.0,9128.0,9128.0,2873203.0,4096132.5,5413604.0,5413604.0,3396.0,3406.0,4248.0,4248.0,4468.0,4769.5,5370.0,5370.0,5471.0,6447.5,10771.0,10771.0,2873203.0,3362149.0,4610769.0,4610769.0,0.0,1.5,5.0,5.0,16379.0,16382.5,16384.0,16384.0,67108864.0,67108864.0,67108864.0,67108864.0,14423614.0,17153626.0,23370632.0,23370632.0,71840534.0,76264513.0,101941506.0,101941506.0,354429489.0,374752579.0,397207532.0,397207532.0,340.0,426.0,971.0,971.0,31717745.0,39436378.0,52613671.0,52613671.0,1082039206.0,1124994614.5,1188892670.0,1188892670.0,599056000.0,613131000.0,632757000.0,632757000.0,3.0,5.0,10.0,10.0,234.0,333.5,566.0,566.0,228309000.0,233570500.0,240770000.0,240770000.0,3.0,5.0,10.0,10.0,90.0,126.0,185.0,185.0,134596.0,134786.0,134916.0,134916.0,200132.0,200322.0,200452.0,200452.0,30.0,30.0,30.0,30.0,1087398355.0,1131908873.0,1192840702.0,1192840702.0
contention-64-sparse,none,10,1.0,1.0,1.0,1.0,20261004.0,20261004.0,20261004.0,20261004.0,0.0,4.5,9.0,9.0,7.0,18.5,28.0,28.0,67108864.0,67108864.0,67108864.0,67108864.0,4096.0,4096.0,4096.0,4096.0,49152.0,49152.0,49152.0,49152.0,16384.0,16384.0,16384.0,16384.0,64.0,64.0,64.0,64.0,NA,NA,NA,NA,186657863.0,193388589.0,205132958.0,205132958.0,76926949.0,84511307.5,90732091.0,90732091.0,826161.0,835283.0,4201100.0,4201100.0,NA,NA,NA,NA,NA,NA,NA,NA,NA,NA,NA,NA,NA,NA,NA,NA,NA,NA,NA,NA,NA,NA,NA,NA,NA,NA,NA,NA,13029619.0,15833358.0,18707253.0,18707253.0,2627430.1202854314,3109879.495695809,3772328.2622461948,3772328.2622461948,50.0,50.0,51.0,51.0,70.0,70.0,80.0,80.0,130.0,130.5,131.0,131.0,880806.0,2592812.5,4988205.0,4988205.0,NA,NA,NA,NA,NA,NA,NA,NA,NA,NA,NA,NA,NA,NA,NA,NA,NA,NA,NA,NA,NA,NA,NA,NA,NA,NA,NA,NA,NA,NA,NA,NA,NA,NA,NA,NA,229002511.0,238920393.5,289244371.0,289244371.0,NA,NA,NA,NA,34960679.0,37751979.0,42377391.0,42377391.0,552025345.0,573277683.0,637868923.0,637868923.0,264927000.0,275870500.0,281532000.0,281532000.0,0.0,0.0,0.0,0.0,123.0,176.5,296.0,296.0,7225000.0,7454500.0,7895000.0,7895000.0,0.0,0.0,0.0,0.0,3.0,4.5,7.0,7.0,134228.0,134288.0,134368.0,134368.0,199764.0,199834.0,199904.0,199904.0,30.0,30.0,30.0,30.0,564952017.0,584636295.0,646113408.0,646113408.0
contention-64-sparse,stopped,10,1.0,1.0,1.0,1.0,20261004.0,20261004.0,20261004.0,20261004.0,0.0,4.5,9.0,9.0,1.0,15.5,27.0,27.0,67108864.0,67108864.0,67108864.0,67108864.0,4096.0,4096.0,4096.0,4096.0,49152.0,49152.0,49152.0,49152.0,16384.0,16384.0,16384.0,16384.0,64.0,64.0,64.0,64.0,0.0,0.0,0.0,0.0,181259418.0,190919019.0,200202094.0,200202094.0,78590311.0,83423317.5,94395035.0,94395035.0,820399.0,1820626.0,4037124.0,4037124.0,14246442.0,17731132.0,26313268.0,26313268.0,992.0,1147.0,1283.0,1283.0,14246152.0,17730722.0,26312607.0,26312607.0,14244869.0,17729650.0,26311505.0,26311505.0,NA,NA,NA,NA,NA,NA,NA,NA,240.0,310.0,360.0,360.0,30855093.0,33494762.0,48552782.0,48552782.0,1012341.5791086904,1467903.6826729295,1592994.7124126316,1592994.7124126316,50.0,50.0,50.0,50.0,71.0,120.5,130.0,130.0,131.0,141.0,190.0,190.0,6532.0,2779878.0,3072807.0,3072807.0,NA,NA,NA,NA,NA,NA,NA,NA,NA,NA,NA,NA,NA,NA,NA,NA,0.0,0.0,0.0,0.0,16384.0,16384.0,16384.0,16384.0,67108864.0,67108864.0,67108864.0,67108864.0,13379182.0,17428565.5,21063439.0,21063439.0,73655078.0,78797039.0,107042568.0,107042568.0,252637993.0,264468268.0,275653601.0,275653601.0,350.0,411.0,4358.0,4358.0,33854639.0,39759194.0,48249949.0,48249949.0,673820711.0,708862165.5,775725666.0,775725666.0,333405000.0,342746500.0,351398000.0,351398000.0,0.0,0.0,0.0,0.0,154.0,211.0,301.0,301.0,15220000.0,16207500.0,19755000.0,19755000.0,0.0,0.0,0.0,0.0,6.0,9.5,19.0,19.0,134216.0,134296.0,134360.0,134360.0,199704.0,199832.0,199896.0,199896.0,30.0,30.0,30.0,30.0,684627560.0,716693991.5,786080646.0,786080646.0
contention-64-sparse,wp,10,1.0,1.0,1.0,1.0,20261004.0,20261004.0,20261004.0,20261004.0,0.0,4.5,9.0,9.0,0.0,5.5,29.0,29.0,67108864.0,67108864.0,67108864.0,67108864.0,4096.0,4096.0,4096.0,4096.0,49152.0,49152.0,49152.0,49152.0,16384.0,16384.0,16384.0,16384.0,64.0,64.0,64.0,64.0,14217.0,14217.0,14217.0,14217.0,184796690.0,196158938.5,260483089.0,260483089.0,77096475.0,83242054.0,88319726.0,88319726.0,818436.0,834186.0,2999876.0,2999876.0,4528019.0,6084481.0,6856092.0,6856092.0,4495817.0,6074457.0,6845080.0,6845080.0,171248261.0,191349227.0,207388000.0,207388000.0,164809433.0,185653324.5,200613155.0,200613155.0,164761561.0,185125468.0,200566305.0,200566305.0,84684591.0,91636383.5,96530964.0,96530964.0,4238522.0,9757779.5,14694335.0,14694335.0,170264557.0,186063644.0,206091555.0,206091555.0,238495.94419334648,264184.69650567503,288680.1626013099,288680.1626013099,60.0,60.0,60.0,60.0,11242.0,13827.0,14087.0,14087.0,15079.0,15705.0,15850.0,15850.0,2877812.0,4560812.5,5981288.0,5981288.0,70.0,125.0,140.0,140.0,14708.0,15029.0,15690.0,15690.0,16873.0,17879.5,20449.0,20449.0,2877812.0,4560812.5,5981288.0,5981288.0,3821.0,4637.5,5067.0,5067.0,11317.0,11746.5,12563.0,12563.0,67108864.0,67108864.0,67108864.0,67108864.0,14318912.0,18453223.0,26073557.0,26073557.0,70478592.0,74252158.0,97341789.0,97341789.0,251477809.0,261837862.5,285246553.0,285246553.0,350.0,426.0,842.0,842.0,29982884.0,38578506.0,42153319.0,42153319.0,848495640.0,878450049.5,928913741.0,928913741.0,438260000.0,447368000.0,461740000.0,461740000.0,3825.0,4640.5,5071.0,5071.0,207.0,320.0,1683.0,1683.0,110745000.0,119005000.0,126612000.0,126612000.0,3824.0,4639.5,5070.0,5070.0,45.0,114.0,1377.0,1377.0,134492.0,134704.0,134856.0,134856.0,200028.0,200270.0,200392.0,200392.0,30.0,30.0,30.0,30.0,856488802.0,886274977.0,945132562.0,945132562.0
